playerName,country,avgDriveDist,drivePct,avgPuttsPerRound,onePuttPct,driveSG,puttsSG,avgScore,Money,Points,tournament
Scottie Scheffler,United States,311.9,51.79,28,43.06,-0.094,1.064,68.704,2160000,550,Arnold Palmer Invitational
Tyrrell Hatton,England,311.6,58.93,26.25,47.22,0.549,1.992,68.954,908000,218,Arnold Palmer Invitational
Viktor Hovland,Norway,304.6,69.64,27.25,48.61,1.172,0.521,68.954,908000,218,Arnold Palmer Invitational
Billy Horschel,United States,295,58.93,27.75,40.28,0.242,1.151,68.954,908000,218,Arnold Palmer Invitational
Gary Woodland,United States,309.1,51.79,28.75,38.89,0.043,1.567,69.204,463500,110,Arnold Palmer Invitational
Chris Kirk,United States,297.4,69.64,28.5,44.44,0.868,0.434,69.204,463500,110,Arnold Palmer Invitational
Lucas Herbert,Australia,307.3,53.57,25.75,54.17,-0.406,2.118,69.454,390000,92,Arnold Palmer Invitational
Talor Gooch,United States,298.1,66.07,27,45.83,0.077,0.256,69.454,390000,92,Arnold Palmer Invitational
Sam Burns,United States,322.8,51.79,28.25,38.89,0.177,1.488,69.704,339000,81,Arnold Palmer Invitational
Matt Fitzpatrick,England,303,71.43,27.5,45.83,0.789,1.289,69.704,339000,81,Arnold Palmer Invitational
Keegan Bradley,United States,305.5,58.93,27.25,43.06,0.745,0.913,69.954,291000,71,Arnold Palmer Invitational
Corey Conners,Canada,296.4,71.43,31.25,27.78,0.916,-0.773,69.954,291000,71,Arnold Palmer Invitational
Rory McIlroy,Northern Ireland,330.5,60.71,29.25,36.11,0.959,-0.255,70.204,228000,61,Arnold Palmer Invitational
Cameron Young,United States,327,51.79,27.25,50,1.146,0.056,70.204,228000,61,Arnold Palmer Invitational
Russell Henley,United States,305.3,67.86,27.75,37.5,-0.274,-0.132,70.204,228000,61,Arnold Palmer Invitational
Graeme McDowell,Northern Ireland,279.9,60.71,27.75,45.83,-0.245,0.802,70.204,228000,61,Arnold Palmer Invitational
Jon Rahm,Spain,318.3,51.79,30.5,30.56,1.134,-0.985,70.454,183000,53,Arnold Palmer Invitational
Aaron Wise,United States,311.6,64.29,29.5,43.06,1.22,-1.096,70.454,183000,53,Arnold Palmer Invitational
Max Homa,United States,310,64.29,29.25,37.5,0.399,-0.427,70.454,183000,53,Arnold Palmer Invitational
Beau Hossler,United States,310.6,46.43,27.5,45.83,-0.619,1.447,70.704,131400,45,Arnold Palmer Invitational
Sungjae Im,South Korea,305.3,48.21,27.25,47.22,-0.164,1.793,70.704,131400,45,Arnold Palmer Invitational
Nick Watney,United States,300.6,51.79,27.25,45.83,-1.568,1.818,70.704,131400,45,Arnold Palmer Invitational
Tommy Fleetwood,England,300.5,60.71,26.5,52.78,-0.103,1.407,70.704,131400,45,Arnold Palmer Invitational
Hideki Matsuyama,Japan,298.6,55.36,29.75,34.72,0.285,-0.274,70.704,131400,45,Arnold Palmer Invitational
Christiaan Bezuidenhout,South Africa,284.9,64.29,27.75,41.67,0.299,-0.412,70.704,131400,45,Arnold Palmer Invitational
Jason Kokrak,United States,310.5,60.71,28.5,43.06,-0.088,1.017,70.954,87600,34,Arnold Palmer Invitational
Brendan Steele,United States,308,55.36,29.75,34.72,1.051,-1.481,70.954,87600,34,Arnold Palmer Invitational
Sebastián Muñoz,Colombia,307,53.57,29.75,40.28,0.008,-0.049,70.954,87600,34,Arnold Palmer Invitational
Adam Scott,Australia,306.6,58.93,27,44.44,0.644,1.618,70.954,87600,34,Arnold Palmer Invitational
Si Woo Kim,South Korea,305,53.57,28.5,41.67,0.432,0.219,70.954,87600,34,Arnold Palmer Invitational
David Lipsky,United States,298.8,62.5,27.75,47.22,-1.109,1.184,70.954,87600,34,Arnold Palmer Invitational
Thomas Pieters,Belgium,313.3,55.36,29,44.44,0.747,0.319,71.204,,,Arnold Palmer Invitational
Patton Kizzire,United States,302,57.14,29,37.5,-0.122,0.387,71.204,67000,25,Arnold Palmer Invitational
Charles Howell III,United States,301.1,35.71,30,37.5,-0.173,-0.678,71.204,67000,25,Arnold Palmer Invitational
Nick Taylor,Canada,300.8,57.14,29,40.28,0.469,-0.272,71.204,67000,25,Arnold Palmer Invitational
Tom Hoge,United States,298.3,60.71,26.75,48.61,0.824,0.194,71.204,67000,25,Arnold Palmer Invitational
Adam Long,United States,288.3,71.43,26.75,43.06,0.31,1.029,71.204,67000,25,Arnold Palmer Invitational
Will Zalatoris,United States,322.6,53.57,28.25,43.06,1.04,-0.474,71.454,53400,19,Arnold Palmer Invitational
Patrick Rodgers,United States,313.8,42.86,27.5,47.22,-0.444,0.771,71.454,53400,19,Arnold Palmer Invitational
Sergio Garcia,Spain,303,51.79,28.5,41.67,0.883,1.288,71.454,53400,19,Arnold Palmer Invitational
Alex Smalley,United States,299.5,62.5,31.25,27.78,0.56,-0.858,71.454,53400,19,Arnold Palmer Invitational
Taylor Pendrith,Canada,325.6,50,29.5,38.89,0.576,-0.636,71.704,37464,12,Arnold Palmer Invitational
Davis Thompson,United States,315.9,60.71,28.75,41.67,0.458,-0.599,71.704,,,Arnold Palmer Invitational
Adam Schenk,United States,309.5,58.93,29,38.89,-0.181,-0.77,71.704,37464,12,Arnold Palmer Invitational
Taylor Moore,United States,305,57.14,27.5,48.61,-0.893,0.661,71.704,37464,12,Arnold Palmer Invitational
Dylan Frittelli,South Africa,302.8,48.21,27,45.83,-0.809,0.032,71.704,37464,12,Arnold Palmer Invitational
Padraig Harrington,Ireland,298,67.86,28.75,41.67,0.572,-0.469,71.704,37464,12,Arnold Palmer Invitational
K.H. Lee,South Korea,297.8,67.86,28.75,40.28,1.28,-0.548,71.704,37464,12,Arnold Palmer Invitational
Ian Poulter,England,293.4,60.71,29.25,43.06,0.133,0.156,71.704,37464,12,Arnold Palmer Invitational
Pat Perez,United States,284.1,60.71,28.5,41.67,-0.187,0.743,71.704,37464,12,Arnold Palmer Invitational
Zach Johnson,United States,277.4,60.71,28.25,43.06,-0.4,1.113,71.704,37464,12,Arnold Palmer Invitational
Danny Willett,England,314.8,53.57,26.75,44.44,-0.156,1.07,71.954,28170,7,Arnold Palmer Invitational
Rickie Fowler,United States,307,64.29,29.75,33.33,0.62,-1.035,71.954,28170,7,Arnold Palmer Invitational
Martin Laird,Scotland,300.4,60.71,30.5,37.5,-0.52,-0.695,71.954,28170,7,Arnold Palmer Invitational
Lanto Griffin,United States,298.9,46.43,28,44.44,-0.628,0.406,71.954,28170,7,Arnold Palmer Invitational
Matt Jones,Australia,298.1,48.21,29.25,36.11,0.347,-1.268,71.954,28170,7,Arnold Palmer Invitational
J.J. Spaun,United States,293.1,62.5,28.75,43.06,0.311,1.232,71.954,28170,7,Arnold Palmer Invitational
Stephan Jaeger,Germany,282.4,60.71,28.5,45.83,-0.8,0.715,71.954,28170,7,Arnold Palmer Invitational
John Pak,United States,276,57.14,28.5,44.44,-0.525,0.486,71.954,,,Arnold Palmer Invitational
Brendon Todd,United States,275,58.93,27.5,38.89,-1.224,0.256,72.204,27000,6,Arnold Palmer Invitational
Cameron Champ,United States,318.9,51.79,29.75,38.89,0.218,0.421,72.454,26040,5,Arnold Palmer Invitational
Matthew Wolff,United States,315.3,51.79,27.5,48.61,-0.051,0.48,72.454,26040,5,Arnold Palmer Invitational
Keith Mitchell,United States,309.1,58.93,29.75,37.5,0.719,-0.457,72.454,26040,5,Arnold Palmer Invitational
Danny Lee,New Zealand,299.5,57.14,32,20.83,0.448,-1.598,72.454,26040,5,Arnold Palmer Invitational
Denny McCarthy,United States,298,50,27.25,41.67,0.454,0.167,72.454,26040,5,Arnold Palmer Invitational
Vince Whaley,United States,291.8,44.64,29,38.89,-0.743,0.907,72.454,26040,5,Arnold Palmer Invitational
Sam Ryder,United States,288.6,42.86,28,40.28,-1.078,0.306,72.454,26040,5,Arnold Palmer Invitational
Lee Westwood,England,299.4,58.93,29.75,38.89,0.873,-1.527,72.704,24720,4,Arnold Palmer Invitational
Hayden Buckley,United States,299,50,30.5,27.78,0.167,-1.173,72.704,24720,4,Arnold Palmer Invitational
Marc Leishman,Australia,298.9,51.79,29.5,38.89,-0.397,-0.049,72.704,24720,4,Arnold Palmer Invitational
Greyson Sigg,United States,296.3,64.29,29,41.67,0.13,-0.676,72.704,24720,4,Arnold Palmer Invitational
Paul Casey,England,308.5,50,30.25,34.72,-0.579,-1.041,73.204,24120,3,Arnold Palmer Invitational
Maverick McNealy,United States,291.3,58.93,28.5,38.89,-0.378,0.41,73.454,23880,3,Arnold Palmer Invitational
Troy Merritt,United States,296.1,58.93,27.75,40.28,-0.39,-0.273,73.954,23400,3,Arnold Palmer Invitational
Lucas Glover,United States,294.5,55.36,29.25,38.89,-0.292,-0.15,73.954,23400,3,Arnold Palmer Invitational
Anirban Lahiri,India,291,53.57,30,34.72,0.078,-0.327,73.954,23400,3,Arnold Palmer Invitational
Chez Reavie,United States,278.1,64.29,29.75,31.94,-0.061,-1.18,74.704,22920,3,Arnold Palmer Invitational
K.H. Lee,South Korea,306.8,66.07,27.25,45.83,0.569,0.974,68.467,1638000,500,AT&T Byron Nelson
Jordan Spieth,United States,318.6,62.5,27,50,0.95,0.362,68.717,991900,300,AT&T Byron Nelson
Sebastián Muñoz,Colombia,309,67.86,28.25,41.67,0.525,1.019,68.967,536900,163,AT&T Byron Nelson
Hideki Matsuyama,Japan,308.5,66.07,27.25,51.39,0.429,0.421,68.967,536900,163,AT&T Byron Nelson
Justin Thomas,United States,322.1,46.43,26.25,45.83,0.291,0.833,69.217,336700,100,AT&T Byron Nelson
Xander Schauffele,United States,310.1,73.21,27.75,41.67,0.678,0.33,69.217,336700,100,AT&T Byron Nelson
Ryan Palmer,United States,306.8,64.29,27.5,47.22,1,1.107,69.217,336700,100,AT&T Byron Nelson
Charl Schwartzel,South Africa,308.1,60.71,27.25,45.83,0.794,-0.077,69.467,284375,85,AT&T Byron Nelson
James Hahn,United States,304.4,71.43,27.5,47.22,1.098,-0.64,69.717,247975,75,AT&T Byron Nelson
Davis Riley,United States,302.5,58.93,27.75,45.83,0.401,0.769,69.717,247975,75,AT&T Byron Nelson
Peter Malnati,United States,292.9,58.93,25.75,56.94,-0.04,1.875,69.717,247975,75,AT&T Byron Nelson
Alex Noren,Sweden,309,75,28.5,44.44,0.694,0.625,69.967,193375,61,AT&T Byron Nelson
Christiaan Bezuidenhout,South Africa,302.8,62.5,26.75,54.17,-0.371,2.033,69.967,193375,61,AT&T Byron Nelson
Matt Kuchar,United States,289.8,71.43,28,44.44,0.005,1.021,69.967,193375,61,AT&T Byron Nelson
Scottie Scheffler,United States,318.1,57.14,28,45.83,0.286,-0.396,70.217,161525,54,AT&T Byron Nelson
Brice Garnett,United States,307.9,57.14,26.5,48.61,-0.169,1.797,70.217,161525,54,AT&T Byron Nelson
Jason Kokrak,United States,326.9,57.14,27.75,50,0.979,0.248,70.467,116708,44,AT&T Byron Nelson
Beau Hossler,United States,324.4,50,29,43.06,0.577,1.259,70.467,116708,44,AT&T Byron Nelson
Mito Pereira,Chile,312.6,69.64,29,43.06,1.048,-0.721,70.467,116708,44,AT&T Byron Nelson
Francesco Molinari,Italy,308.1,73.21,29,43.06,0.566,0.502,70.467,116708,44,AT&T Byron Nelson
Tom Hoge,United States,306.1,60.71,27.5,41.67,-0.189,0.214,70.467,116708,44,AT&T Byron Nelson
Seamus Power,Ireland,305.9,57.14,27.5,47.22,-0.092,1.266,70.467,116708,44,AT&T Byron Nelson
Nate Lashley,United States,305.6,67.86,28.75,38.89,0.199,0.159,70.467,116708,44,AT&T Byron Nelson
Tom Kim,South Korea,283.9,82.14,29,38.89,-0.006,-0.186,70.467,,,AT&T Byron Nelson
Joaquin Niemann,Chile,323.1,60.71,27,51.39,1.052,0.527,70.717,68445,31,AT&T Byron Nelson
Austin Smotherman,United States,312.3,71.43,26.75,45.83,0.868,0.279,70.717,68445,31,AT&T Byron Nelson
Scott Stallings,United States,309.4,55.36,27.25,50,0.035,0.616,70.717,68445,31,AT&T Byron Nelson
Vince Whaley,United States,304.6,48.21,26.25,54.17,-0.162,0.651,70.717,68445,31,AT&T Byron Nelson
David Lipsky,United States,297,82.14,27.5,47.22,0.582,0.339,70.717,68445,31,AT&T Byron Nelson
Rory Sabbatini,Slovakia,295.6,66.07,28.5,38.89,-0.017,-0.585,70.717,68445,31,AT&T Byron Nelson
Michael Thompson,United States,292.8,66.07,26.25,51.39,-0.64,2.467,70.717,68445,31,AT&T Byron Nelson
Adam Scott,Australia,317,58.93,27.5,50,0.659,0.235,70.967,50808,22,AT&T Byron Nelson
Taylor Moore,United States,315.1,66.07,29.25,38.89,0.702,-0.485,70.967,50808,22,AT&T Byron Nelson
Maverick McNealy,United States,314,62.5,26.75,51.39,-0.058,0.85,70.967,50808,22,AT&T Byron Nelson
Trey Mullinax,United States,312.6,51.79,26,48.61,0.427,-0.283,70.967,50808,22,AT&T Byron Nelson
Patrick Rodgers,United States,307.5,60.71,29.5,37.5,0.776,0.568,70.967,50808,22,AT&T Byron Nelson
Mark Hubbard,United States,292.8,67.86,29.25,38.89,-0.383,0.074,70.967,50808,22,AT&T Byron Nelson
Cameron Champ,United States,326,64.29,28.5,41.67,1.185,-0.656,71.217,36855,15,AT&T Byron Nelson
Branden Grace,South Africa,312.4,62.5,28.5,40.28,0.116,-0.113,71.217,36855,15,AT&T Byron Nelson
Stephan Jaeger,Germany,308.9,60.71,29.25,44.44,-0.176,-0.789,71.217,36855,15,AT&T Byron Nelson
J.J. Spaun,United States,306.9,64.29,29,31.94,0.161,-0.321,71.217,36855,15,AT&T Byron Nelson
Carlos Ortiz,Mexico,303.1,55.36,29,37.5,-0.019,-0.193,71.217,36855,15,AT&T Byron Nelson
Conrad Shindler,United States,297.5,82.14,28.25,41.67,0.549,0.588,71.217,,,AT&T Byron Nelson
David Skinns,England,294.6,44.64,25.75,54.17,-0.727,1.196,71.217,36855,15,AT&T Byron Nelson
Pat Perez,United States,290.6,67.86,27.5,41.67,-0.063,-0.311,71.217,36855,15,AT&T Byron Nelson
Callum Tarren,England,325.6,41.07,26,45.83,-0.006,0.894,71.467,25680,10,AT&T Byron Nelson
Emiliano Grillo,Argentina,309.5,48.21,28.5,37.5,-0.219,0.533,71.467,25680,10,AT&T Byron Nelson
Andrew Novak,United States,308.3,60.71,28.75,34.72,-0.185,-0.124,71.467,25680,10,AT&T Byron Nelson
Justin Lower,United States,303.5,73.21,29.25,34.72,0.487,-0.337,71.467,25680,10,AT&T Byron Nelson
Aaron Rai,England,298,73.21,29.75,37.5,-0.017,0.49,71.467,25680,10,AT&T Byron Nelson
Joseph Bramlett,United States,329.5,50,26.75,51.39,-0.042,-0.278,71.717,21635,6,AT&T Byron Nelson
Jared Wolfe,United States,311.6,51.79,29.25,40.28,-0.11,0.743,71.717,21635,6,AT&T Byron Nelson
Lanto Griffin,United States,309.5,80.36,29.5,36.11,0.559,0.231,71.717,21635,6,AT&T Byron Nelson
Jason Day,Australia,309.1,60.71,27.75,47.22,-0.01,0.96,71.717,21635,6,AT&T Byron Nelson
Matthew NeSmith,United States,308.8,66.07,29,36.11,0.943,-0.703,71.717,21635,6,AT&T Byron Nelson
Marc Leishman,Australia,307,51.79,28.5,40.28,-0.466,0.481,71.717,21635,6,AT&T Byron Nelson
Aaron Wise,United States,301.5,67.86,28.75,38.89,0.207,-0.875,71.717,21635,6,AT&T Byron Nelson
Brandon Wu,United States,291.8,51.79,26,52.78,-0.153,1.005,71.717,21635,6,AT&T Byron Nelson
Jhonattan Vegas,Venezuela,325.1,46.43,29.5,37.5,0.773,-0.644,71.967,20202,5,AT&T Byron Nelson
Dustin Johnson,United States,322.4,50,29.5,34.72,0.332,-0.916,71.967,20202,5,AT&T Byron Nelson
Tommy Fleetwood,England,305,64.29,28.75,38.89,0.91,-0.732,71.967,20202,5,AT&T Byron Nelson
Matthias Schwab,Austria,303.1,57.14,27.5,44.44,-0.404,0.86,71.967,20202,5,AT&T Byron Nelson
Tyler Duncan,United States,297.1,66.07,30.5,34.72,-0.076,-0.635,71.967,20202,5,AT&T Byron Nelson
Ian Poulter,England,296.4,58.93,26,52.78,-0.529,1.27,71.967,20202,5,AT&T Byron Nelson
Peter Uihlein,United States,332.8,32.14,29.5,36.11,0.205,0.241,72.217,19292,4,AT&T Byron Nelson
Paul Barjon,France,329.4,62.5,28.75,44.44,0.516,-0.157,72.217,19292,4,AT&T Byron Nelson
Bill Haas,United States,306.5,41.07,27.75,41.67,-0.993,0.908,72.217,19292,4,AT&T Byron Nelson
Wesley Bryan,United States,294.9,39.29,26.5,43.06,-1.113,0.488,72.217,19292,4,AT&T Byron Nelson
Chesson Hadley,United States,315.9,53.57,27.5,41.67,-0.983,-0.212,72.467,18564,3,AT&T Byron Nelson
Dylan Frittelli,South Africa,312.8,44.64,29,41.67,-0.023,0.143,72.467,18564,3,AT&T Byron Nelson
Seth Reeves,United States,306,60.71,27.25,45.83,0.541,0.854,72.467,18564,3,AT&T Byron Nelson
Adam Svensson,Canada,295.1,53.57,27.75,44.44,-0.759,0.15,72.467,18564,3,AT&T Byron Nelson
Michael Gligic,Canada,308.3,55.36,27,45.83,0.119,-0.099,72.717,17927,3,AT&T Byron Nelson
Sepp Straka,Austria,308,62.5,27.75,38.89,0.07,-0.171,72.717,17927,3,AT&T Byron Nelson
Vaughn Taylor,United States,289.8,78.57,28.25,44.44,-0.68,-0.174,72.717,17927,3,AT&T Byron Nelson
Keith Mitchell,United States,316.6,60.71,28,45.83,-0.155,-0.1,72.967,17381,2,AT&T Byron Nelson
Martin Trainer,France,310.9,62.5,28.75,43.06,-0.339,-0.064,72.967,17381,2,AT&T Byron Nelson
Kiradech Aphibarnrat,Thailand,296.6,71.43,28.75,43.06,-0.359,0.49,72.967,17381,2,AT&T Byron Nelson
Sahith Theegala,United States,322.8,58.93,29.25,37.5,-0.3,-1.457,73.217,16926,2,AT&T Byron Nelson
Adam Schenk,United States,314.9,55.36,29.25,37.5,-0.126,0.082,73.217,16926,2,AT&T Byron Nelson
Dawie van der Walt,South Africa,311.4,58.93,28,43.06,-0.551,-0.104,73.467,16562,2,AT&T Byron Nelson
Kyle Wilshire,United States,293.1,71.43,28.25,45.83,-0.018,-0.546,73.467,,,AT&T Byron Nelson
Max McGreevy,United States,313.4,62.5,28.25,44.44,-0.583,-0.005,73.967,16198,2,AT&T Byron Nelson
Patton Kizzire,United States,306.3,57.14,28.75,43.06,-0.421,-0.951,73.967,16198,2,AT&T Byron Nelson
Tom Hoge,United States,295.8,69.09,27.25,50,0.481,2.628,67.568,1566000,500,AT&T Pebble Beach Pro-Am
Jordan Spieth,United States,310.5,67.27,29.25,40.28,0.633,1.085,68.458,948300,300,AT&T Pebble Beach Pro-Am
Troy Merritt,United States,286.6,67.27,29,41.67,0.376,1.378,68.475,391500,123,AT&T Pebble Beach Pro-Am
Beau Hossler,United States,304.8,52.73,27.5,48.61,0.412,2.03,68.708,600300,190,AT&T Pebble Beach Pro-Am
Matt Fitzpatrick,England,291.3,74.55,28,41.67,-0.171,1.193,68.818,293625,92,AT&T Pebble Beach Pro-Am
Joel Dahmen,United States,289.3,74.55,30,30.56,0.557,-0.673,68.818,293625,92,AT&T Pebble Beach Pro-Am
Patrick Cantlay,United States,301.6,69.09,26.5,55.56,0.596,1.019,68.958,391500,123,AT&T Pebble Beach Pro-Am
Seamus Power,Ireland,312.8,63.64,28.25,45.83,0.003,1.95,68.975,237075,75,AT&T Pebble Beach Pro-Am
Pat Perez,United States,292,81.82,29.25,36.11,0.425,0.254,69.068,237075,75,AT&T Pebble Beach Pro-Am
Andrew Putnam,United States,278.8,70.91,28.5,44.44,0.348,1.152,69.208,293625,92,AT&T Pebble Beach Pro-Am
Denny McCarthy,United States,300.3,85.45,27.5,47.22,0.804,1.283,69.225,193575,63,AT&T Pebble Beach Pro-Am
Jonathan Byrd,United States,291.9,65.45,28,40.28,0.234,0.27,69.458,237075,75,AT&T Pebble Beach Pro-Am
Nick Taylor,Canada,299.3,74.55,28.5,41.67,0.476,0.651,69.568,163125,56,AT&T Pebble Beach Pro-Am
Keith Mitchell,United States,306.9,70.91,29.5,34.72,1.029,-0.161,69.708,193575,63,AT&T Pebble Beach Pro-Am
Adam Hadwin,Canada,295,76.36,30,38.89,1.017,-0.981,69.725,119843,46,AT&T Pebble Beach Pro-Am
Robert Garrigus,United States,314.8,65.45,29,43.06,-0.922,-1.069,69.818,119843,46,AT&T Pebble Beach Pro-Am
Taylor Moore,United States,299.4,69.09,28.75,43.06,0.461,1.341,69.818,119843,46,AT&T Pebble Beach Pro-Am
Sean O'Hair,United States,291,74.55,29.25,37.5,-0.607,0.907,69.818,119843,46,AT&T Pebble Beach Pro-Am
Brendon Todd,United States,262.1,78.18,29.25,37.5,0.38,-0.342,69.818,119843,46,AT&T Pebble Beach Pro-Am
Christiaan Bezuidenhout,South Africa,284.8,78.18,27.25,43.06,0.901,1.952,69.958,163125,56,AT&T Pebble Beach Pro-Am
Jason Day,Australia,289.1,69.09,27.75,48.61,-0.271,0.635,70.068,74603,35,AT&T Pebble Beach Pro-Am
David Lipsky,United States,284,72.73,29,43.06,-0.488,3.239,70.068,74603,35,AT&T Pebble Beach Pro-Am
Mackenzie Hughes,Canada,305.9,74.55,26.75,51.39,-0.255,3.201,70.208,119843,46,AT&T Pebble Beach Pro-Am
Lanto Griffin,United States,304.5,69.09,29.25,36.11,0.488,0.497,70.208,119843,46,AT&T Pebble Beach Pro-Am
J.J. Spaun,United States,300.5,72.73,28.5,43.06,0.509,1.836,70.208,119843,46,AT&T Pebble Beach Pro-Am
Kelly Kraft,United States,293.4,74.55,27.75,43.06,0.323,1.649,70.225,59595,28,AT&T Pebble Beach Pro-Am
Ryan Armour,United States,292.8,81.82,28.25,43.06,0.699,1.227,70.225,59595,28,AT&T Pebble Beach Pro-Am
Vaughn Taylor,United States,291,80,29,34.72,0.555,-0.604,70.225,59595,28,AT&T Pebble Beach Pro-Am
Nate Lashley,United States,285.5,76.36,28,45.83,0.98,-0.57,70.318,59595,28,AT&T Pebble Beach Pro-Am
Dylan Frittelli,South Africa,295.6,54.55,29.25,36.11,-0.258,-0.453,70.458,74603,35,AT&T Pebble Beach Pro-Am
Bo Van Pelt,United States,289.9,80,29.5,37.5,0.072,-1.65,70.458,74603,35,AT&T Pebble Beach Pro-Am
Seth Reeves,United States,306,70.91,29,40.28,1.341,1.133,70.475,43548,19,AT&T Pebble Beach Pro-Am
Satoshi Kodaira,Japan,282.9,78.18,28.75,40.28,0.232,1.262,70.475,43548,19,AT&T Pebble Beach Pro-Am
Mark Hubbard,United States,280.9,69.09,28.5,40.28,0.206,-1.088,70.475,43548,19,AT&T Pebble Beach Pro-Am
Austin Smotherman,United States,308.3,60,29,36.11,0.045,1.099,70.568,43548,19,AT&T Pebble Beach Pro-Am
Jimmy Walker,United States,300.5,70.91,30,33.33,0.424,0.994,70.568,43548,19,AT&T Pebble Beach Pro-Am
Russell Knox,Scotland,284.4,69.09,31.75,29.17,-0.074,-1.489,70.568,43548,19,AT&T Pebble Beach Pro-Am
Trey Mullinax,United States,309.5,63.64,31,29.17,0.247,1.203,70.708,59595,28,AT&T Pebble Beach Pro-Am
S.Y. Noh,South Korea,312.5,69.09,29.25,38.89,-0.232,0.026,70.725,29195,11,AT&T Pebble Beach Pro-Am
Luke Donald,England,294.6,54.55,28.5,43.06,-0.592,0.223,70.725,29195,11,AT&T Pebble Beach Pro-Am
Sung Kang,South Korea,292.3,70.91,28.75,43.06,0.157,1.391,70.725,29195,11,AT&T Pebble Beach Pro-Am
Austin Cook,United States,275.6,85.45,29.5,36.11,0.588,-1.992,70.818,29195,11,AT&T Pebble Beach Pro-Am
Maverick McNealy,United States,304.1,60,30.25,31.94,0.448,-0.45,70.958,43548,19,AT&T Pebble Beach Pro-Am
Doc Redman,United States,295,61.82,29.75,31.94,0.433,0.007,70.958,43548,19,AT&T Pebble Beach Pro-Am
Greyson Sigg,United States,290.4,58.18,28.75,45.83,-1.949,-0.589,70.958,43548,19,AT&T Pebble Beach Pro-Am
Mark Baldwin,United States,307.1,60,30,36.11,-0.125,0.524,70.975,,,AT&T Pebble Beach Pro-Am
Hayden Buckley,United States,301.6,72.73,28.5,37.5,0.53,1.132,70.975,21089,7,AT&T Pebble Beach Pro-Am
Matthias Schwab,Austria,299.8,61.82,29.75,34.72,-0.356,2.101,70.975,21089,7,AT&T Pebble Beach Pro-Am
Tyler Duncan,United States,290.1,70.91,27.75,44.44,-0.224,-0.154,70.975,21089,7,AT&T Pebble Beach Pro-Am
Curtis Thompson,United States,313.4,58.18,30.5,34.72,0.051,0.689,71.068,21089,7,AT&T Pebble Beach Pro-Am
Taylor Pendrith,Canada,309.6,54.55,31.5,33.33,1.128,-3.088,71.068,21089,7,AT&T Pebble Beach Pro-Am
Davis Riley,United States,295.9,70.91,29.25,40.28,-0.163,-0.36,71.068,21089,7,AT&T Pebble Beach Pro-Am
Adam Svensson,Canada,294.9,74.55,30.25,34.72,0.376,-0.829,71.068,21089,7,AT&T Pebble Beach Pro-Am
Jonas Blixt,Sweden,300.6,65.45,27,50,-0.269,1.257,71.208,29195,11,AT&T Pebble Beach Pro-Am
Peter Malnati,United States,291.3,65.45,29.5,38.89,-0.305,-0.56,71.208,29195,11,AT&T Pebble Beach Pro-Am
Ryan Moore,United States,287.6,74.55,28.75,38.89,-0.163,-1.073,71.208,29195,11,AT&T Pebble Beach Pro-Am
Dylan Wu,United States,294.6,60,27.5,43.06,-1.021,1.034,71.318,19749,5,AT&T Pebble Beach Pro-Am
Chris Stroud,United States,293.8,70.91,29,43.06,-0.066,-0.112,71.458,21089,7,AT&T Pebble Beach Pro-Am
Camilo Villegas,Colombia,289.3,65.45,29.5,34.72,-0.402,-1.137,71.458,21089,7,AT&T Pebble Beach Pro-Am
Brian Stuard,United States,287.9,80,30,38.89,-0.025,-0.728,71.475,19488,5,AT&T Pebble Beach Pro-Am
Johnson Wagner,United States,285.6,78.18,30.75,34.72,-0.647,-1.719,71.475,19488,5,AT&T Pebble Beach Pro-Am
Ben Kohles,United States,290.5,70.91,31,30.56,0.559,-0.408,72.068,19053,4,AT&T Pebble Beach Pro-Am
Justin Rose,England,302.1,70.91,28.75,41.67,0.786,-0.132,72.208,19227,5,AT&T Pebble Beach Pro-Am
Scottie Scheffler,United States,323.6,58.93,29.5,34.72,1.029,0.142,66.878,915600,300,Charles Schwab Challenge
Sam Burns,United States,321.3,53.57,28.25,47.22,0.714,1.258,66.878,1512000,500,Charles Schwab Challenge
Brendon Todd,United States,288.9,75,27.75,44.44,0.66,1.33,67.128,579600,190,Charles Schwab Challenge
Tony Finau,United States,315.6,50,28,44.44,0.617,0.771,67.378,353500,115,Charles Schwab Challenge
Scott Stallings,United States,315.4,50,27.5,47.22,-0.105,0.943,67.378,353500,115,Charles Schwab Challenge
Davis Riley,United States,305.4,57.14,27.75,45.83,-0.083,0.512,67.378,353500,115,Charles Schwab Challenge
Cam Davis,Australia,313.8,39.29,26.75,48.61,0.326,0.524,67.878,246540,80,Charles Schwab Challenge
Mito Pereira,Chile,306.6,67.86,28.75,34.72,1.037,-0.178,67.878,246540,80,Charles Schwab Challenge
Jordan Spieth,United States,303.9,51.79,27.5,44.44,0.828,0.056,67.878,246540,80,Charles Schwab Challenge
Patrick Reed,United States,296.1,58.93,26.75,48.61,0.087,0.504,67.878,246540,80,Charles Schwab Challenge
Kevin Na,United States,279.6,39.29,27,43.06,-0.969,0.345,67.878,246540,80,Charles Schwab Challenge
Matt Jones,Australia,296.9,55.36,29.75,38.89,0.245,-0.25,68.128,178500,61,Charles Schwab Challenge
John Huh,United States,290.5,73.21,28.25,38.89,0.379,-0.318,68.128,178500,61,Charles Schwab Challenge
Pat Perez,United States,278.8,69.64,27,48.61,0.258,1.483,68.128,178500,61,Charles Schwab Challenge
Sungjae Im,South Korea,303.4,60.71,29,33.33,0.665,-0.724,68.378,132300,50,Charles Schwab Challenge
Chris Kirk,United States,301.6,57.14,27.5,44.44,0.423,0.544,68.378,132300,50,Charles Schwab Challenge
Russell Knox,Scotland,296.8,62.5,28.75,38.89,0.037,0.727,68.378,132300,50,Charles Schwab Challenge
Tyler Duncan,United States,287.9,62.5,27,45.83,-0.165,0.841,68.378,132300,50,Charles Schwab Challenge
Christiaan Bezuidenhout,South Africa,271.4,46.43,28.5,44.44,-0.031,0.917,68.378,132300,50,Charles Schwab Challenge
Andrew Putnam,United States,268.3,60.71,27,44.44,-0.339,1.081,68.378,132300,50,Charles Schwab Challenge
Beau Hossler,United States,314.1,55.36,28.5,34.72,0.393,-0.254,68.628,98700,42,Charles Schwab Challenge
Viktor Hovland,Norway,310.3,64.29,27,47.22,0.729,1.014,68.628,98700,42,Charles Schwab Challenge
Max Homa,United States,318.8,48.21,27.75,43.06,0.145,0.457,68.878,77700,36,Charles Schwab Challenge
Danny Lee,New Zealand,317.5,48.21,26.5,52.78,-0.368,1.667,68.878,77700,36,Charles Schwab Challenge
Daniel Berger,United States,302.1,62.5,28,43.06,0.171,-0.532,68.878,77700,36,Charles Schwab Challenge
Zach Johnson,United States,284.3,57.14,28.25,40.28,-0.026,0.03,68.878,77700,36,Charles Schwab Challenge
Alex Smalley,United States,315.1,55.36,26.75,44.44,0.132,0.025,69.128,56333,27,Charles Schwab Challenge
Harold Varner III,United States,313.3,55.36,28,41.67,-0.233,0.404,69.128,56333,27,Charles Schwab Challenge
Bill Haas,United States,311,50,28.5,40.28,-0.022,0.938,69.128,56333,27,Charles Schwab Challenge
Talor Gooch,United States,296,50,28.75,34.72,-0.475,-0.076,69.128,56333,27,Charles Schwab Challenge
Webb Simpson,United States,295.6,64.29,28.25,44.44,0.078,-0.055,69.128,56333,27,Charles Schwab Challenge
Denny McCarthy,United States,290.9,51.79,28.5,45.83,-0.251,1.22,69.128,56333,27,Charles Schwab Challenge
Chad Ramey,United States,287,66.07,27.75,41.67,0.179,0.567,69.128,56333,27,Charles Schwab Challenge
Chez Reavie,United States,282.9,69.64,30.25,34.72,0.6,-0.545,69.128,56333,27,Charles Schwab Challenge
Dylan Frittelli,South Africa,321.3,58.93,28.5,43.06,0.282,0.233,69.378,41832,19,Charles Schwab Challenge
Patrick Rodgers,United States,309.1,50,29.75,31.94,0.436,0.344,69.378,41832,19,Charles Schwab Challenge
Lee Hodges,United States,306.5,50,29,40.28,-0.019,0.975,69.378,41832,19,Charles Schwab Challenge
Tommy Fleetwood,England,303.4,51.79,28.25,47.22,-0.382,0.189,69.378,41832,19,Charles Schwab Challenge
Adam Long,United States,292.8,46.43,30,34.72,-0.325,-0.576,69.378,41832,19,Charles Schwab Challenge
Kurt Kitayama,United States,322.1,57.14,28.5,37.5,0.586,-0.429,69.628,30660,13,Charles Schwab Challenge
Ryan Palmer,United States,307,60.71,29.25,34.72,0.72,0.619,69.628,30660,13,Charles Schwab Challenge
Lucas Glover,United States,305.5,66.07,31.5,30.56,0.343,-1.513,69.628,30660,13,Charles Schwab Challenge
Ian Poulter,England,300.6,64.29,27.75,48.61,0.278,1.291,69.628,30660,13,Charles Schwab Challenge
Adam Svensson,Canada,297.3,64.29,29.5,37.5,0.204,0.393,69.628,30660,13,Charles Schwab Challenge
Luke Donald,England,296,39.29,28,41.67,-0.852,-0.255,69.628,30660,13,Charles Schwab Challenge
Collin Morikawa,United States,294.6,53.57,28.25,43.06,-0.386,-0.857,69.628,30660,13,Charles Schwab Challenge
Michael Thompson,United States,290.4,57.14,28.25,41.67,-0.525,0.444,69.628,30660,13,Charles Schwab Challenge
Sebastián Muñoz,Colombia,305.5,57.14,27.25,47.22,0.092,0.822,69.878,22092,9,Charles Schwab Challenge
Lucas Herbert,Australia,301.4,46.43,27.25,48.61,-0.18,0.103,69.878,22092,9,Charles Schwab Challenge
David Lipsky,United States,296,53.57,29.25,43.06,-0.06,0.545,69.878,22092,9,Charles Schwab Challenge
Nick Taylor,Canada,292.4,44.64,29.25,34.72,-0.426,0.022,69.878,22092,9,Charles Schwab Challenge
Martin Trainer,France,298.6,37.5,27.25,45.83,-0.811,1.605,70.128,20009,7,Charles Schwab Challenge
C.T. Pan,Chinese Taipei,296.4,53.57,29,41.67,-0.675,0.75,70.128,20009,7,Charles Schwab Challenge
Rory Sabbatini,Slovakia,293.9,53.57,28,43.06,-0.22,0.093,70.128,20009,7,Charles Schwab Challenge
Mark Hubbard,United States,293.8,53.57,26.75,50,-0.378,0.263,70.128,20009,7,Charles Schwab Challenge
Max McGreevy,United States,290.8,62.5,30,33.33,0.059,-0.047,70.128,20009,7,Charles Schwab Challenge
Sahith Theegala,United States,317.1,55.36,27.75,44.44,-0.126,-0.204,70.378,18984,5,Charles Schwab Challenge
Matthew NeSmith,United States,305.5,60.71,29.25,37.5,-0.033,0.401,70.378,18984,5,Charles Schwab Challenge
Matthias Schwab,Austria,298.3,51.79,28.75,40.28,0.058,-0.046,70.378,18984,5,Charles Schwab Challenge
Rickie Fowler,United States,291.5,42.86,27.5,47.22,-0.961,0.283,70.378,18984,5,Charles Schwab Challenge
Troy Merritt,United States,289.5,64.29,27.5,45.83,-0.247,0.995,70.378,18984,5,Charles Schwab Challenge
Brandt Snedeker,United States,273.8,51.79,30.75,33.33,-1.087,-0.118,70.378,18984,5,Charles Schwab Challenge
Austin Smotherman,United States,316.3,48.21,29.5,34.72,0.448,0.149,70.628,18228,4,Charles Schwab Challenge
Emiliano Grillo,Argentina,302.6,57.14,30,36.11,0.297,-0.831,70.628,18228,4,Charles Schwab Challenge
Joel Dahmen,United States,286.9,58.93,30,33.33,-0.116,-0.424,70.628,18228,4,Charles Schwab Challenge
Charley Hoffman,United States,306.6,55.36,30.5,31.94,0.238,-1.529,70.878,17892,4,Charles Schwab Challenge
Jason Kokrak,United States,311.5,53.57,29.25,34.72,0.51,-0.858,71.128,17724,4,Charles Schwab Challenge
Aaron Rai,England,300.6,51.79,30.5,33.33,-0.384,-0.599,71.378,17556,3,Charles Schwab Challenge
Harry Higgs,United States,299.1,39.29,29.25,41.67,-1.418,-0.393,72.878,17388,3,Charles Schwab Challenge
Luke List,United States,314,51.79,27.75,44.44,0.429,1.244,69.097,1512000,500,Farmers Insurance Open
Will Zalatoris,United States,306.8,44.64,30,29.17,0.948,-0.424,69.097,915600,300,Farmers Insurance Open
Aaron Rai,England,314.1,57.14,29.75,41.67,0.915,0.789,69.315,265020,86,Farmers Insurance Open
Sungjae Im,South Korea,302.9,71.43,29,38.89,1.143,1.501,69.315,265020,86,Farmers Insurance Open
Justin Rose,England,302.6,58.93,27.75,41.67,-0.028,0.64,69.315,265020,86,Farmers Insurance Open
Jon Rahm,Spain,323.5,55.36,29,38.89,1.249,1.017,69.347,445200,145,Farmers Insurance Open
Jason Day,Australia,306.8,53.57,27.5,43.06,0.378,1.31,69.347,445200,145,Farmers Insurance Open
Cameron Tringale,United States,286.3,57.14,27.5,43.06,-0.128,0.706,69.347,445200,145,Farmers Insurance Open
Austin Smotherman,United States,314.1,53.57,28,40.28,0.167,0.488,69.565,180180,61,Farmers Insurance Open
Billy Horschel,United States,301.3,57.14,25.25,52.78,-0.114,1.758,69.565,180180,61,Farmers Insurance Open
Michael Thompson,United States,288.5,67.86,28.25,43.06,-0.202,-0.628,69.565,180180,61,Farmers Insurance Open
Joaquin Niemann,Chile,308.3,62.5,27.5,50,1.154,0.533,69.597,265020,86,Farmers Insurance Open
Pat Perez,United States,289.9,48.21,28,45.83,-0.526,1.629,69.597,265020,86,Farmers Insurance Open
Taylor Pendrith,Canada,322.5,48.21,29.5,36.11,0.574,0.744,69.815,132300,50,Farmers Insurance Open
Ryan Palmer,United States,305.1,51.79,30,31.94,0.893,-0.102,69.815,132300,50,Farmers Insurance Open
Taylor Montgomery,United States,318,42.86,27,44.44,0.691,1.788,69.847,,,Farmers Insurance Open
Si Woo Kim,South Korea,302,62.5,26.75,47.22,0.417,0.457,69.847,180180,61,Farmers Insurance Open
Cameron Young,United States,308.8,64.29,29.5,40.28,1.164,-0.764,70.065,95508,41,Farmers Insurance Open
Daniel Berger,United States,285.1,73.21,27.75,43.06,0.323,0.92,70.065,95508,41,Farmers Insurance Open
Marc Leishman,Australia,309.3,53.57,28,45.83,0.502,-0.062,70.097,132300,50,Farmers Insurance Open
Sepp Straka,Austria,296.9,58.93,28,40.28,0.379,-0.217,70.097,132300,50,Farmers Insurance Open
Sahith Theegala,United States,307.1,50,29.25,38.89,-0.024,0.552,70.315,65940,33,Farmers Insurance Open
Justin Thomas,United States,308.3,42.86,28.75,40.28,-0.304,0.427,70.347,95508,41,Farmers Insurance Open
Talor Gooch,United States,307.1,51.79,28.5,36.11,-0.261,-0.372,70.347,95508,41,Farmers Insurance Open
Scottie Scheffler,United States,307,55.36,30.25,37.5,0.013,-0.247,70.347,95508,41,Farmers Insurance Open
Maverick McNealy,United States,304.1,42.86,27,50,0.061,1.038,70.565,53760,26,Farmers Insurance Open
Dustin Johnson,United States,318.6,57.14,29,31.94,1.09,-0.72,70.597,65940,33,Farmers Insurance Open
Mito Pereira,Chile,307.5,50,28.75,44.44,0.011,0.88,70.597,65940,33,Farmers Insurance Open
Doc Redman,United States,299.5,51.79,28,47.22,-0.2,-0.444,70.597,65940,33,Farmers Insurance Open
Peter Malnati,United States,297.4,48.21,25.75,50,-0.28,0.874,70.597,65940,33,Farmers Insurance Open
Xander Schauffele,United States,307,60.71,27.5,48.61,0.629,0.726,70.815,43764,20,Farmers Insurance Open
Doug Ghim,United States,298.8,58.93,28,47.22,0.038,0.597,70.815,43764,20,Farmers Insurance Open
Matthew NeSmith,United States,291.8,69.64,28.5,41.67,-0.052,1.134,70.815,43764,20,Farmers Insurance Open
Hideki Matsuyama,Japan,310.1,66.07,28.25,38.89,0.657,-0.794,70.847,53760,26,Farmers Insurance Open
Lanto Griffin,United States,305.6,55.36,28.5,41.67,-0.051,0.077,70.847,53760,26,Farmers Insurance Open
Nick Taylor,Canada,299,58.93,28,47.22,-0.222,0.086,70.847,53760,26,Farmers Insurance Open
Bill Haas,United States,291.8,46.43,28.5,38.89,0.05,0.879,71.065,33180,14,Farmers Insurance Open
Greyson Sigg,United States,296.9,62.5,29.5,33.33,0.095,-0.219,71.097,43764,20,Farmers Insurance Open
J.J. Spaun,United States,290.8,55.36,28,47.22,0.097,0.034,71.097,43764,20,Farmers Insurance Open
Kevin Tway,United States,312.9,51.79,29.5,40.28,0.588,0.46,71.315,22008,8,Farmers Insurance Open
Scott Stallings,United States,305.5,50,28.5,38.89,0.342,-0.087,71.315,22008,8,Farmers Insurance Open
Martin Laird,Scotland,296,58.93,29.5,36.11,-0.139,-0.352,71.315,22008,8,Farmers Insurance Open
Jimmy Walker,United States,290.9,46.43,27,50,-0.036,0.666,71.315,22008,8,Farmers Insurance Open
Anirban Lahiri,India,290,48.21,28.5,40.28,-0.561,0.379,71.315,22008,8,Farmers Insurance Open
Christiaan Bezuidenhout,South Africa,288.9,73.21,30.25,36.11,0.273,-0.602,71.315,22008,8,Farmers Insurance Open
Jhonattan Vegas,Venezuela,325,53.57,31.5,26.39,0.891,0.484,71.347,33180,14,Farmers Insurance Open
Gary Woodland,United States,312.1,41.07,27.75,44.44,-0.372,1.191,71.347,33180,14,Farmers Insurance Open
Kevin Streelman,United States,298.8,57.14,27.25,47.22,0.315,-0.101,71.347,33180,14,Farmers Insurance Open
Sebastián Muñoz,Colombia,298.3,42.86,29,47.22,-0.386,-0.728,71.347,33180,14,Farmers Insurance Open
Alex Noren,Sweden,293.9,53.57,28.75,37.5,-0.266,0.305,71.347,33180,14,Farmers Insurance Open
Chad Ramey,United States,285.4,44.64,28.5,44.44,-0.518,1.153,71.347,33180,14,Farmers Insurance Open
Cam Davis,Australia,301,42.86,28.25,44.44,-0.27,0.443,71.565,19152,5,Farmers Insurance Open
Robert Streb,United States,298.3,58.93,29,33.33,0.168,-1.254,71.565,19152,5,Farmers Insurance Open
David Lipsky,United States,293.6,57.14,29.5,34.72,0.231,-0.422,71.565,19152,5,Farmers Insurance Open
Cameron Champ,United States,321.6,48.21,30,36.11,1.072,-1.08,71.597,22008,8,Farmers Insurance Open
Kevin Chappell,United States,312,42.86,30.5,33.33,-0.168,-0.288,71.597,22008,8,Farmers Insurance Open
Hank Lebioda,United States,291,60.71,29.75,41.67,-0.336,-0.178,71.597,22008,8,Farmers Insurance Open
Patrick Reed,United States,284,55.36,27.5,43.06,-1.086,-0.213,71.597,22008,8,Farmers Insurance Open
Patrick Rodgers,United States,321.1,42.86,29.75,33.33,-0.309,0.506,71.815,18480,5,Farmers Insurance Open
Francesco Molinari,Italy,292.4,51.79,28,45.83,-0.251,0.846,71.815,18480,5,Farmers Insurance Open
Wyndham Clark,United States,308.1,44.64,26.25,55.56,0.931,2.235,71.847,19152,5,Farmers Insurance Open
Adam Schenk,United States,302.3,35.71,28.25,38.89,-0.303,0.755,71.847,19152,5,Farmers Insurance Open
Alex Smalley,United States,297.5,58.93,30.5,33.33,0.367,-1.811,71.847,19152,5,Farmers Insurance Open
Matthew Wolff,United States,322.1,39.29,29.25,34.72,0.198,0.89,72.347,18228,4,Farmers Insurance Open
Curtis Thompson,United States,313.6,48.21,29.75,37.5,0.627,-0.371,72.565,17556,3,Farmers Insurance Open
Camilo Villegas,Colombia,293.8,55.36,30,38.89,-0.201,-0.631,72.565,17556,3,Farmers Insurance Open
Keegan Bradley,United States,312.4,55.36,29.75,37.5,0.493,-1.376,72.597,17976,4,Farmers Insurance Open
Adam Long,United States,288.3,60.71,28.75,44.44,-0.444,0.516,72.597,17976,4,Farmers Insurance Open
Joseph Bramlett,United States,324.8,42.86,30.25,34.72,1.279,-0.178,72.847,17556,3,Farmers Insurance Open
Bronson Burgoon,United States,304,44.64,29.5,36.11,-0.797,-0.318,73.065,16464,3,Farmers Insurance Open
Carlos Ortiz,Mexico,295,60.71,29.25,38.89,-0.123,0.489,73.097,16968,3,Farmers Insurance Open
Andrew Novak,United States,292.8,42.86,28.5,43.06,-1.712,0.643,73.097,16968,3,Farmers Insurance Open
Rory Sabbatini,Slovakia,281.4,53.57,27.75,48.61,-0.782,1.215,73.097,16968,3,Farmers Insurance Open
Chez Reavie,United States,273.5,69.64,29,44.44,-0.996,-0.023,73.097,16968,3,Farmers Insurance Open
S.Y. Noh,South Korea,294.4,39.29,30.25,37.5,-0.894,-0.881,73.347,16464,3,Farmers Insurance Open
Michael Gligic,Canada,297.4,46.43,30,34.72,-0.404,-0.088,73.815,16044,2,Farmers Insurance Open
Scott Piercy,United States,286.6,35.71,25.5,55.56,-1.959,2.097,73.847,16212,2,Farmers Insurance Open
C.T. Pan,Chinese Taipei,292.4,53.57,31.25,31.94,-0.405,-2.569,74.315,15876,2,Farmers Insurance Open
Adam Svensson,Canada,293.4,55.36,30.75,33.33,-0.322,-1.459,75.347,15708,2,Farmers Insurance Open
J.T. Poston,United States,294.9,73.21,28.5,40.28,0.69,0.564,67.084,1278000,500,John Deere Classic
Emiliano Grillo,Argentina,322.8,73.21,30.25,31.94,1.086,1.034,67.834,631900,245,John Deere Classic
Christiaan Bezuidenhout,South Africa,307.9,73.21,28.75,37.5,0.656,2.106,67.834,631900,245,John Deere Classic
Chris Gotterup,United States,335.1,60.71,29.25,31.94,0.944,-0.374,68.084,,,John Deere Classic
Scott Stallings,United States,303.1,73.21,28.5,43.06,1.006,0.749,68.084,319500,123,John Deere Classic
Callum Tarren,England,330.4,55.36,28.75,44.44,0.665,1.075,68.334,248500,95,John Deere Classic
Denny McCarthy,United States,295.5,78.57,28.75,43.06,0.422,0.631,68.334,248500,95,John Deere Classic
Cam Davis,Australia,330,66.07,29.75,36.11,1.174,0.348,68.584,214775,83,John Deere Classic
Maverick McNealy,United States,308.8,75,27.25,48.61,1.102,1.472,68.584,214775,83,John Deere Classic
Patrick Flavin,United States,305.5,64.29,26,48.61,0.149,2.342,68.834,,,John Deere Classic
Chesson Hadley,United States,304.6,66.07,29.25,37.5,0.347,0.177,68.834,179275,70,John Deere Classic
Michael Gligic,Canada,301.8,73.21,29.5,40.28,1.042,0.807,68.834,179275,70,John Deere Classic
Charles Howell III,United States,309.4,58.93,29.75,33.33,0.081,0.176,69.084,139042,57,John Deere Classic
Mark Hubbard,United States,302.8,69.64,28.5,43.06,0.065,0.747,69.084,139042,57,John Deere Classic
Adam Long,United States,302.1,64.29,28,48.61,0.283,0.633,69.084,139042,57,John Deere Classic
Chris Naegel,United States,320.3,69.64,29.75,29.17,0.857,-0.561,69.334,,,John Deere Classic
Patton Kizzire,United States,313.9,64.29,28,44.44,0.062,0.752,69.334,97803,46,John Deere Classic
Greyson Sigg,United States,310.4,67.86,29.5,37.5,0.17,-0.137,69.334,97803,46,John Deere Classic
Matthias Schwab,Austria,307.5,66.07,28.75,43.06,0.34,1.022,69.334,97803,46,John Deere Classic
Alex Smalley,United States,298,64.29,28.5,41.67,0.45,-0.218,69.334,97803,46,John Deere Classic
Bo Hoag,United States,290.3,60.71,26.25,50,-0.155,1.493,69.334,97803,46,John Deere Classic
Austin Cook,United States,288.4,71.43,28.75,43.06,-0.037,0.496,69.334,97803,46,John Deere Classic
Sahith Theegala,United States,288,53.57,28.25,40.28,0.436,-0.787,69.334,97803,46,John Deere Classic
Kelly Kraft,United States,303.6,76.79,28.25,43.06,0.705,1.041,69.584,57865,33,John Deere Classic
David Lipsky,United States,303.6,75,29.25,38.89,0.896,0.445,69.584,57865,33,John Deere Classic
C.T. Pan,Chinese Taipei,302.6,76.79,28.5,45.83,0.419,0.74,69.584,57865,33,John Deere Classic
Ryan Moore,United States,297.9,69.64,27.25,51.39,-0.201,1.588,69.584,57865,33,John Deere Classic
Taylor Moore,United States,291.3,67.86,27.5,43.06,0.388,0.82,69.584,57865,33,John Deere Classic
Adam Svensson,Canada,280.1,69.64,27.75,47.22,-0.688,2.336,69.584,57865,33,John Deere Classic
Brandon Wu,United States,322.5,66.07,30,38.89,0.609,1.206,69.834,39082,21,John Deere Classic
Nick Hardy,United States,316.8,62.5,29,45.83,0.934,-0.161,69.834,39082,21,John Deere Classic
Hayden Buckley,United States,311.3,71.43,31.25,29.17,0.815,-0.311,69.834,39082,21,John Deere Classic
Peter Malnati,United States,310.6,60.71,27.75,44.44,-0.367,0.445,69.834,39082,21,John Deere Classic
Martin Laird,Scotland,310,69.64,30,36.11,0.569,0.172,69.834,39082,21,John Deere Classic
Patrick Rodgers,United States,307.6,46.43,28,44.44,-0.822,1.684,69.834,39082,21,John Deere Classic
Satoshi Kodaira,Japan,294.5,80.36,28.5,44.44,0.102,0.642,69.834,39082,21,John Deere Classic
Stephan Jaeger,Germany,291.9,73.21,30.5,27.78,0.797,-1.523,69.834,39082,21,John Deere Classic
Vaughn Taylor,United States,291.3,73.21,28.5,43.06,0.135,1.041,69.834,39082,21,John Deere Classic
Andrew Novak,United States,289.8,67.86,27,50,0.261,1.166,69.834,39082,21,John Deere Classic
Dylan Frittelli,South Africa,286.9,55.36,27.25,44.44,-0.286,1.304,69.834,39082,21,John Deere Classic
Kevin Streelman,United States,297,60.71,29,27.78,0.195,-0.65,70.084,28755,15,John Deere Classic
Andrew Putnam,United States,285.9,82.14,29.5,31.94,0.246,0.484,70.084,28755,15,John Deere Classic
S.Y. Noh,South Korea,311.3,51.79,30,36.11,-0.9,0.971,70.334,21975,10,John Deere Classic
Hank Lebioda,United States,310.4,73.21,28.75,43.06,0.243,0.96,70.334,21975,10,John Deere Classic
Vince Whaley,United States,305,55.36,27.5,47.22,-0.038,0.537,70.334,21975,10,John Deere Classic
Lee Hodges,United States,304.8,66.07,30,31.94,0.244,-0.178,70.334,21975,10,John Deere Classic
Fabián Gómez,Argentina,303.9,78.57,31.25,27.78,0.527,-0.611,70.334,21975,10,John Deere Classic
Dylan Wu,United States,297.8,51.79,30.5,29.17,-0.19,-1.003,70.334,21975,10,John Deere Classic
Brendon Todd,United States,285.9,80.36,28,45.83,0.203,1.484,70.334,21975,10,John Deere Classic
Jonathan Byrd,United States,282.1,62.5,29.75,34.72,-0.837,1.256,70.334,21975,10,John Deere Classic
Curtis Thompson,United States,329.6,60.71,28.5,40.28,0.247,1.359,70.584,16880,6,John Deere Classic
Derek Ernst,United States,326.6,66.07,29,36.11,1.025,-0.097,70.584,16880,6,John Deere Classic
Anirban Lahiri,India,308.5,62.5,28.25,43.06,0.716,-0.039,70.584,16880,6,John Deere Classic
Preston Stanley,United States,307,62.5,29.75,33.33,0.427,-0.494,70.584,,,John Deere Classic
Aaron Baddeley,Australia,299.8,58.93,28.75,40.28,-0.571,-0.283,70.584,16880,6,John Deere Classic
Tommy Gainey,United States,299.5,60.71,27.5,47.22,-0.08,0.528,70.584,16880,6,John Deere Classic
Morgan Hoffmann,United States,293.4,78.57,29.5,33.33,0.499,-0.33,70.584,,,John Deere Classic
Justin Lower,United States,290.9,62.5,27.75,47.22,-0.38,1.476,70.584,16880,6,John Deere Classic
Michael Thompson,United States,286.5,73.21,30.25,37.5,0.094,-1.307,70.834,16117,5,John Deere Classic
Zach Johnson,United States,298.6,80.36,30.75,29.17,-0.15,-0.576,71.084,15904,5,John Deere Classic
Sam Ryder,United States,293,51.79,29.5,40.28,-1.181,0.167,71.084,15904,5,John Deere Classic
Kramer Hickok,United States,291.4,64.29,29.25,37.5,-0.005,-1.128,71.584,15691,5,John Deere Classic
Brandon Hagy,United States,342.4,50,29.5,41.67,-0.332,-0.629,71.834,15407,4,John Deere Classic
Rory Sabbatini,Slovakia,300.9,64.29,29,40.28,0.141,0.337,71.834,15407,4,John Deere Classic
Martin Trainer,France,294.5,58.93,31,31.94,-0.141,-1.206,71.834,15407,4,John Deere Classic
Seth Reeves,United States,333.6,64.29,28.75,37.5,0.187,-1.094,72.084,15123,4,John Deere Classic
James Hahn,United States,299,60.71,29.5,40.28,0.538,0.169,72.334,14910,4,John Deere Classic
Omar Uresti,United States,276.4,71.43,28.25,43.06,-0.985,-0.553,72.334,14910,4,John Deere Classic
Ricky Barnes,United States,287,53.57,28.75,43.06,-1.337,0.206,72.584,14697,3,John Deere Classic
Billy Horschel,United States,285,76.79,28,43.06,0.839,0.953,67.651,2160000,550,Memorial Tournament
Aaron Wise,United States,298,62.5,26.25,51.39,0.178,1.162,68.651,1308000,315,Memorial Tournament
Patrick Cantlay,United States,308.1,64.29,27,48.61,0.702,1.092,69.151,708000,170,Memorial Tournament
Joaquin Niemann,Chile,302.1,64.29,28.75,38.89,1.177,0.665,69.151,708000,170,Memorial Tournament
Will Zalatoris,United States,305.8,60.71,27.75,45.83,1.166,0.372,69.401,411600,97,Memorial Tournament
Sahith Theegala,United States,303.1,66.07,26.75,48.61,0.654,0.06,69.401,411600,97,Memorial Tournament
Max Homa,United States,300.9,66.07,24.75,54.17,0.111,1.086,69.401,411600,97,Memorial Tournament
Denny McCarthy,United States,289.9,67.86,25.75,48.61,-0.908,1.216,69.401,411600,97,Memorial Tournament
Daniel Berger,United States,286.5,73.21,26,52.78,0.105,1.65,69.401,411600,97,Memorial Tournament
Jon Rahm,Spain,315.5,50,27.5,41.67,-0.354,1.401,69.901,303000,73,Memorial Tournament
Brendan Steele,United States,303.4,69.64,28.5,41.67,0.863,0.198,69.901,303000,73,Memorial Tournament
Sungjae Im,South Korea,293.1,76.79,28,47.22,0.657,0.378,69.901,303000,73,Memorial Tournament
Davis Riley,United States,297.9,58.93,28.25,43.06,-0.285,0.731,70.151,221400,60,Memorial Tournament
Cameron Smith,Australia,296.8,55.36,25.25,52.78,-0.489,0.774,70.151,221400,60,Memorial Tournament
Mito Pereira,Chile,296,80.36,27,43.06,0.838,-0.533,70.151,221400,60,Memorial Tournament
Si Woo Kim,South Korea,289.3,80.36,27.25,43.06,0.456,0.354,70.151,221400,60,Memorial Tournament
Corey Conners,Canada,288.6,73.21,29.25,36.11,0.531,-0.243,70.151,221400,60,Memorial Tournament
Rory McIlroy,Northern Ireland,314.9,64.29,28,44.44,0.757,-0.272,70.401,142800,47,Memorial Tournament
Garrick Higgo,South Africa,308.8,64.29,29.25,41.67,0.104,0.805,70.401,142800,47,Memorial Tournament
Keith Mitchell,United States,303.5,66.07,27,43.06,0.526,0.651,70.401,142800,47,Memorial Tournament
Jordan Spieth,United States,302,58.93,26.25,55.56,0.368,1.261,70.401,142800,47,Memorial Tournament
Xander Schauffele,United States,299.4,62.5,27.75,43.06,-0.632,-0.354,70.401,142800,47,Memorial Tournament
Charles Howell III,United States,291.6,69.64,28.75,43.06,0.405,0.52,70.401,142800,47,Memorial Tournament
Adam Hadwin,Canada,287,67.86,28,41.67,0.187,0.358,70.401,142800,47,Memorial Tournament
Brian Harman,United States,283.6,75,27,47.22,0.648,0.117,70.401,142800,47,Memorial Tournament
Luke List,United States,311.5,55.36,27.5,47.22,-0.163,0.676,70.651,89400,35,Memorial Tournament
Francesco Molinari,Italy,295.3,67.86,26,50,-0.507,0.589,70.651,89400,35,Memorial Tournament
Adam Schenk,United States,293,83.93,29.25,34.72,0.48,-0.96,70.651,89400,35,Memorial Tournament
Aaron Rai,England,287.5,75,26.25,50,-0.123,2.051,70.651,89400,35,Memorial Tournament
Pat Perez,United States,278.8,67.86,29,36.11,-0.444,0.301,70.651,89400,35,Memorial Tournament
Jason Day,Australia,293.8,69.64,26.75,43.06,0.13,1.035,70.901,78600,30,Memorial Tournament
Beau Hossler,United States,303.9,58.93,25.75,50,-0.027,1.941,71.151,68520,25,Memorial Tournament
Shane Lowry,Ireland,297.5,57.14,28.25,41.67,-0.149,0.178,71.151,68520,25,Memorial Tournament
Emiliano Grillo,Argentina,296.1,76.79,28.75,41.67,1.284,-0.476,71.151,68520,25,Memorial Tournament
Abraham Ancer,Mexico,294,69.64,27.25,43.06,0.862,0.195,71.151,68520,25,Memorial Tournament
Joel Dahmen,United States,277.8,73.21,26.75,48.61,0.426,0.258,71.151,68520,25,Memorial Tournament
Wyndham Clark,United States,314.5,55.36,28,43.06,-0.542,0.031,71.401,51000,18,Memorial Tournament
Jhonattan Vegas,Venezuela,304.1,51.79,28.5,44.44,0.305,-0.284,71.401,51000,18,Memorial Tournament
Keegan Bradley,United States,301.6,66.07,27,48.61,0.206,0.845,71.401,51000,18,Memorial Tournament
J.T. Poston,United States,291.6,58.93,28.5,40.28,-0.297,0.699,71.401,51000,18,Memorial Tournament
Mackenzie Hughes,Canada,291.3,53.57,27,44.44,-1.073,0.341,71.401,51000,18,Memorial Tournament
Matthew NeSmith,United States,289.1,66.07,27.75,44.44,0.11,0.098,71.401,51000,18,Memorial Tournament
Martin Laird,Scotland,288.1,75,27.75,40.28,-0.032,-0.439,71.401,51000,18,Memorial Tournament
David Lipsky,United States,284.9,71.43,28.25,43.06,-0.433,0.457,71.401,51000,18,Memorial Tournament
Sepp Straka,Austria,298.3,67.86,28.75,41.67,0.058,0.808,71.651,37800,12,Memorial Tournament
Matt Kuchar,United States,282.8,71.43,26,54.17,-0.504,0.861,71.651,37800,12,Memorial Tournament
Adam Svensson,Canada,281.1,76.79,26,47.22,0.265,0.282,71.651,37800,12,Memorial Tournament
Lucas Herbert,Australia,305.1,53.57,25.25,52.78,-0.303,0.671,71.901,32040,10,Memorial Tournament
Cameron Tringale,United States,297,66.07,28.5,37.5,0.595,-0.178,71.901,32040,10,Memorial Tournament
David Lingmerth,Sweden,266.8,85.71,28.5,41.67,-0.236,0.088,71.901,32040,10,Memorial Tournament
Viktor Hovland,Norway,307,62.5,26.5,54.17,0.098,1.46,72.151,29760,9,Memorial Tournament
Lanto Griffin,United States,298.1,60.71,27.5,51.39,-0.868,-0.024,72.151,29760,9,Memorial Tournament
Cam Davis,Australia,303.1,37.5,27.25,48.61,-0.597,0.186,72.401,27994,7,Memorial Tournament
K.H. Lee,South Korea,296.1,55.36,27.75,38.89,-0.19,-1.058,72.401,27994,7,Memorial Tournament
Chris Kirk,United States,288.4,67.86,27.75,40.28,0.449,-0.021,72.401,27994,7,Memorial Tournament
Patrick Reed,United States,286.9,62.5,29,41.67,-0.128,-0.484,72.401,27994,7,Memorial Tournament
C.T. Pan,Chinese Taipei,286.3,67.86,28.25,44.44,-1.045,-0.363,72.401,27994,7,Memorial Tournament
Camilo Villegas,Colombia,286.1,51.79,28.5,41.67,-0.219,-0.708,72.401,27994,7,Memorial Tournament
Troy Merritt,United States,284.3,69.64,29,36.11,-0.026,0.002,72.401,27994,7,Memorial Tournament
Cameron Young,United States,315.5,62.5,27.75,40.28,0.89,-0.68,72.651,26640,5,Memorial Tournament
Lucas Glover,United States,286.8,69.64,28.25,45.83,0.294,0.103,72.651,26640,5,Memorial Tournament
Doug Ghim,United States,286,82.14,30.5,33.33,0.711,-0.602,72.651,26640,5,Memorial Tournament
Brandt Snedeker,United States,274.6,71.43,26.75,47.22,-0.922,1.119,72.651,26640,5,Memorial Tournament
Rickie Fowler,United States,294.5,62.5,28.75,41.67,0.16,-0.799,72.901,25800,5,Memorial Tournament
Carlos Ortiz,Mexico,291,51.79,27.75,43.06,-0.545,0.88,72.901,25800,5,Memorial Tournament
Kramer Hickok,United States,279.5,71.43,28.25,41.67,0.047,-0.945,72.901,25800,5,Memorial Tournament
Chan Kim,United States,306.8,55.36,28.75,47.22,0.192,-1.396,73.651,,,Memorial Tournament
Adam Scott,Australia,301.5,55.36,29.25,37.5,-1.043,-0.822,73.651,25200,4,Memorial Tournament
Brandon Wu,United States,288.1,64.29,30.25,36.11,0.118,-2.439,73.901,24840,4,Memorial Tournament
Ryan Moore,United States,262.8,83.93,28.5,43.06,-0.776,-0.729,74.651,24600,3,Memorial Tournament
Will Zalatoris,United States,330.4,51.79,29,41.67,0.502,1.161,66.422,1620000,330,PGA Championship
Justin Thomas,United States,327.4,60.71,28.75,40.28,0.659,1.578,66.422,2700000,600,PGA Championship
Cameron Young,United States,336.3,71.43,28,45.83,1.756,0.724,66.672,870000,180,PGA Championship
Mito Pereira,Chile,323.8,75,28.25,45.83,0.22,1.37,66.672,870000,180,PGA Championship
Matt Fitzpatrick,England,330.3,62.5,27.5,44.44,0.483,1.246,66.922,530417,110,PGA Championship
Tommy Fleetwood,England,321.9,62.5,29,40.28,0.331,0.911,66.922,530417,110,PGA Championship
Chris Kirk,United States,317.6,73.21,28.25,38.89,0.426,0.389,66.922,530417,110,PGA Championship
Rory McIlroy,Northern Ireland,347.5,62.5,29,43.06,1.401,0.238,67.172,436600,94,PGA Championship
Seamus Power,Ireland,327.1,58.93,28.25,44.44,0.408,0.378,67.422,357813,80,PGA Championship
Abraham Ancer,Mexico,313.5,75,29.25,38.89,0.682,0.966,67.422,357813,80,PGA Championship
Brendan Steele,United States,310.8,60.71,30.25,34.72,0.496,-0.061,67.422,357813,80,PGA Championship
Tom Hoge,United States,306.1,57.14,27.25,51.39,-0.837,1.154,67.422,357813,80,PGA Championship
Lucas Herbert,Australia,335.9,53.57,27.5,44.44,0.146,2.188,67.672,253750,60,PGA Championship
Max Homa,United States,327.6,60.71,28.75,44.44,0.188,0.478,67.672,253750,60,PGA Championship
Cameron Smith,Australia,321.5,66.07,29,40.28,0.701,-0.945,67.672,253750,60,PGA Championship
Davis Riley,United States,316.5,76.79,29,37.5,1.262,-0.077,67.672,253750,60,PGA Championship
Xander Schauffele,United States,315.6,71.43,30.25,36.11,0.827,0.356,67.672,253750,60,PGA Championship
Justin Rose,England,311.8,62.5,28.75,37.5,-0.215,1.055,67.672,253750,60,PGA Championship
Tyrrell Hatton,England,301.8,62.5,27.75,43.06,0.142,0.877,67.672,253750,60,PGA Championship
Webb Simpson,United States,331.1,69.64,28.25,40.28,0.545,0.511,67.922,191250,49,PGA Championship
Sam Burns,United States,327.6,53.57,29,40.28,0.3,1.277,67.922,191250,49,PGA Championship
Talor Gooch,United States,323.9,73.21,28,40.28,0.488,0.069,67.922,191250,49,PGA Championship
Joaquin Niemann,Chile,335.5,58.93,28.5,38.89,0.838,0.515,68.172,129768,39,PGA Championship
Shane Lowry,Ireland,330,73.21,29,41.67,0.804,0.743,68.172,129768,39,PGA Championship
Stewart Cink,United States,329.4,73.21,29.75,36.11,1.261,0.283,68.172,129768,39,PGA Championship
Aaron Wise,United States,329.3,57.14,28.5,44.44,-0.021,1.219,68.172,129768,39,PGA Championship
Rickie Fowler,United States,321.9,66.07,28.25,37.5,0.476,-0.457,68.172,129768,39,PGA Championship
Lucas Glover,United States,311.1,76.79,29.5,31.94,0.207,-0.286,68.172,129768,39,PGA Championship
Kevin Na,United States,302.3,55.36,27.75,43.06,-0.978,0.874,68.172,129768,39,PGA Championship
Adri Arnaus,Spain,338.6,62.5,30.5,34.72,1.213,-0.653,68.422,,,PGA Championship
Bernd Wiesberger,Austria,330.8,62.5,29.25,43.06,0.266,-0.155,68.422,,,PGA Championship
Bubba Watson,United States,329.3,66.07,29,41.67,0.387,-0.339,68.422,83750,29,PGA Championship
Tony Finau,United States,327.8,66.07,28.75,37.5,0.314,0.171,68.422,83750,29,PGA Championship
Keith Mitchell,United States,333.4,78.57,29.75,40.28,1.518,0.426,68.672,61607,22,PGA Championship
Gary Woodland,United States,321.9,60.71,28.5,41.67,0.342,0.87,68.672,61607,22,PGA Championship
Marc Leishman,Australia,318,60.71,27.5,48.61,0.698,0.873,68.672,61607,22,PGA Championship
Jordan Spieth,United States,310.4,62.5,30.5,34.72,0.585,-0.812,68.672,61607,22,PGA Championship
Patrick Reed,United States,305.3,66.07,28.5,43.06,-0.681,0.073,68.672,61607,22,PGA Championship
Brian Harman,United States,299.8,64.29,27.75,38.89,-0.53,0.038,68.672,61607,22,PGA Championship
Matt Kuchar,United States,296.3,69.64,28,40.28,0.013,0.006,68.672,61607,22,PGA Championship
Luke List,United States,333.4,71.43,28.75,45.83,1.789,0.739,68.922,43839,14,PGA Championship
K.H. Lee,South Korea,325.8,71.43,29.25,43.06,0.475,0.62,68.922,43839,14,PGA Championship
Viktor Hovland,Norway,323.6,64.29,30.75,31.94,0.365,-0.048,68.922,43839,14,PGA Championship
Adam Schenk,United States,318.8,57.14,29,37.5,-0.334,1.146,68.922,43839,14,PGA Championship
Cameron Tringale,United States,314.6,66.07,27.75,47.22,0.386,0.921,68.922,43839,14,PGA Championship
Troy Merritt,United States,299.4,62.5,28.25,37.5,-0.24,0.016,68.922,43839,14,PGA Championship
Kevin Streelman,United States,299.1,73.21,28.5,40.28,0.258,0.608,68.922,43839,14,PGA Championship
Harold Varner III,United States,338.6,58.93,29,37.5,-0.092,-1.278,69.172,32146,9,PGA Championship
Jon Rahm,Spain,337.8,75,30.5,31.94,1.833,-0.039,69.172,32146,9,PGA Championship
Keegan Bradley,United States,333.6,64.29,29.25,31.94,0.74,-0.356,69.172,32146,9,PGA Championship
Laurie Canter,England,317,57.14,28.5,38.89,0.046,0.649,69.172,,,PGA Championship
Cam Davis,Australia,310,51.79,27.25,40.28,-0.239,0.429,69.172,32146,9,PGA Championship
Denny McCarthy,United States,306.3,66.07,28.25,41.67,-0.731,1.281,69.172,32146,9,PGA Championship
Ryan Fox,New Zealand,330.1,46.43,30.5,34.72,0.03,-0.167,69.422,,,PGA Championship
Jason Day,Australia,327,60.71,27.75,45.83,0.13,0.595,69.672,27925,6,PGA Championship
Collin Morikawa,United States,324.9,69.64,29.5,34.72,0.369,-0.615,69.672,27925,6,PGA Championship
Brooks Koepka,United States,322.4,48.21,28.5,44.44,-0.246,1.323,69.672,27925,6,PGA Championship
Sebastián Muñoz,Colombia,319.5,58.93,29.75,36.11,-0.16,-0.666,69.672,27925,6,PGA Championship
Francesco Molinari,Italy,303.1,55.36,28.25,40.28,-0.838,-0.086,69.672,27925,6,PGA Championship
Charl Schwartzel,South Africa,335.6,58.93,28.5,43.06,-0.308,0.763,69.922,26125,5,PGA Championship
Jason Kokrak,United States,327,67.86,28.5,36.11,0.488,0.239,69.922,26125,5,PGA Championship
Lanto Griffin,United States,315.5,55.36,29.5,40.28,-0.358,1.18,69.922,26125,5,PGA Championship
Hideki Matsuyama,Japan,313.4,58.93,29.25,37.5,0.179,-0.037,69.922,26125,5,PGA Championship
Rikuya Hoshino,Japan,312.4,58.93,28.25,43.06,-0.327,0.894,69.922,,,PGA Championship
Russell Henley,United States,309.5,69.64,29.5,37.5,-0.331,-0.168,69.922,26125,5,PGA Championship
Si Woo Kim,South Korea,306.6,71.43,29.75,36.11,-0.7,-1.416,69.922,26125,5,PGA Championship
Louis Oosthuizen,South Africa,302.4,62.5,28,43.06,-0.065,-0.1,69.922,26125,5,PGA Championship
Billy Horschel,United States,320,71.43,29,44.44,-0.418,0.01,70.172,25000,4,PGA Championship
Beau Hossler,United States,314.3,58.93,28.25,43.06,0.157,0.962,70.422,24625,4,PGA Championship
Kramer Hickok,United States,312.3,76.79,30.75,29.17,0.154,0.004,70.422,24625,4,PGA Championship
Shaun Norris,South Africa,317.3,64.29,30.25,31.94,-0.3,-0.243,70.672,,,PGA Championship
Adam Hadwin,Canada,313.6,57.14,28.25,41.67,-0.976,-0.016,70.672,24250,3,PGA Championship
Thomas Pieters,Belgium,309.4,55.36,29.75,37.5,-0.188,-0.205,70.672,,,PGA Championship
Justin Harding,South Africa,300.6,58.93,30,33.33,-0.711,0.042,70.672,,,PGA Championship
Maverick McNealy,United States,330.6,53.57,29.25,37.5,-0.649,0.719,71.422,23950,3,PGA Championship
Patton Kizzire,United States,321.6,53.57,26.5,56.94,-1.061,0.699,71.422,23950,3,PGA Championship
Robert MacIntyre,Scotland,307.8,60.71,30.75,31.94,-0.365,-0.922,71.922,,,PGA Championship
Sepp Straka,Austria,336.9,57.14,30.75,31.94,-0.244,-0.746,72.172,23700,2,PGA Championship
Rory McIlroy,Northern Ireland,316.8,51.92,25.5,55.56,1.055,1.482,64.966,1566000,500,RBC Canadian Open
Tony Finau,United States,312,63.46,26.5,47.22,1.24,1.593,65.466,948300,300,RBC Canadian Open
Matt Fitzpatrick,England,310.5,69.64,30.5,34.72,0.717,-0.179,65.903,3150000,600,RBC Canadian Open
Justin Thomas,United States,313.3,67.31,28.75,40.28,1.275,0.751,65.966,600300,190,RBC Canadian Open
Scottie Scheffler,United States,313.3,67.86,27.75,40.28,0.302,0.82,66.153,1557687,270,RBC Canadian Open
Will Zalatoris,United States,306.3,55.36,28.25,43.06,-0.182,1.731,66.153,1557687,270,RBC Canadian Open
Justin Rose,England,307.9,69.23,26.75,45.83,0.988,2.179,66.216,391500,123,RBC Canadian Open
Sam Burns,United States,300.9,57.69,29.75,31.94,-0.113,0.923,66.216,391500,123,RBC Canadian Open
Hideki Matsuyama,Japan,295.9,51.79,29.25,36.11,-0.183,0.812,66.653,859032,150,RBC Canadian Open
Corey Conners,Canada,297.8,76.92,28.75,38.89,0.81,1.174,66.716,315375,100,RBC Canadian Open
Collin Morikawa,United States,306.8,51.79,28.5,40.28,-0.327,1.163,66.903,674953,115,RBC Canadian Open
Rory McIlroy,Northern Ireland,300.9,55.36,29,40.28,0.564,2.36,66.903,674953,115,RBC Canadian Open
Keegan Bradley,United States,309.6,60.71,29.5,38.89,0.256,0.048,67.153,515934,94,RBC Canadian Open
Denny McCarthy,United States,297.4,66.07,30,37.5,-0.316,1.488,67.153,515934,94,RBC Canadian Open
Adam Hadwin,Canada,297,62.5,28.25,38.89,-0.16,1.148,67.153,515934,94,RBC Canadian Open
Keith Mitchell,United States,316.4,67.31,27.75,44.44,1.256,0.983,67.216,273325,85,RBC Canadian Open
Wyndham Clark,United States,314.9,65.38,26.5,50,0.111,2.735,67.216,273325,85,RBC Canadian Open
Chris Kirk,United States,307.3,73.08,29,43.06,0.992,0.513,67.216,273325,85,RBC Canadian Open
Gary Woodland,United States,309,71.43,29.25,38.89,0.576,-0.182,67.403,407220,80,RBC Canadian Open
Joel Dahmen,United States,295.8,71.43,31.25,30.56,0.044,-0.244,67.403,407220,80,RBC Canadian Open
Matt Fitzpatrick,England,310.3,65.38,28.25,45.83,1.268,1.256,67.466,219675,70,RBC Canadian Open
Danny Lee,New Zealand,302.4,65.38,29,38.89,0.624,0.34,67.466,219675,70,RBC Canadian Open
Shane Lowry,Ireland,300.9,73.08,30,37.5,0.89,-0.433,67.466,219675,70,RBC Canadian Open
Jon Rahm,Spain,309.6,58.93,30.25,34.72,0.256,0.703,67.653,347058,70,RBC Canadian Open
Seamus Power,Ireland,306.6,53.57,30,38.89,-0.004,1.358,67.653,347058,70,RBC Canadian Open
Aaron Rai,England,305.9,78.85,31,29.17,0.699,-0.404,67.716,160515,55,RBC Canadian Open
Harold Varner III,United States,302.5,59.62,28.75,40.28,0.743,-0.344,67.716,160515,55,RBC Canadian Open
Kelly Kraft,United States,297.8,67.31,26.25,50,0.407,0.654,67.716,160515,55,RBC Canadian Open
Austin Cook,United States,291.3,71.15,27.25,47.22,-0.269,2.393,67.716,160515,55,RBC Canadian Open
Brendon Todd,United States,281.1,67.31,28.25,45.83,-0.585,1.415,67.716,160515,55,RBC Canadian Open
Patrick Cantlay,United States,318.9,57.14,28,47.22,0.632,1.327,67.903,241302,55,RBC Canadian Open
Hayden Buckley,United States,309.1,60.71,30.25,33.33,0.147,0.065,67.903,241302,55,RBC Canadian Open
Adam Scott,Australia,304.5,42.86,28.25,41.67,-0.058,0.402,67.903,241302,55,RBC Canadian Open
Marc Leishman,Australia,302.9,51.79,29.25,38.89,-0.219,0.569,67.903,241302,55,RBC Canadian Open
Xander Schauffele,United States,299,51.79,28.25,48.61,-0.147,0.975,67.903,241302,55,RBC Canadian Open
Guido Migliozzi,Italy,298,50,29,40.28,-0.136,1.54,67.903,,,RBC Canadian Open
Cameron Tringale,United States,297.4,64.29,29.25,40.28,0.013,1.669,67.903,241302,55,RBC Canadian Open
Sebastián Muñoz,Colombia,293.5,62.5,27.75,45.83,0.21,0.79,67.903,241302,55,RBC Canadian Open
Nick Hardy,United States,293.3,51.79,29.25,36.11,-0.17,2.212,67.903,241302,55,RBC Canadian Open
Scottie Scheffler,United States,308.6,65.38,29.5,33.33,0.605,-0.136,67.966,123975,47,RBC Canadian Open
Patrick Rodgers,United States,304.8,61.54,27.75,44.44,0.428,1.73,67.966,123975,47,RBC Canadian Open
Doug Ghim,United States,294.4,71.15,28,44.44,0.343,0.413,67.966,123975,47,RBC Canadian Open
Tom Kim,South Korea,292.3,73.21,28.75,37.5,-0.499,0.932,68.153,,,RBC Canadian Open
Alex Smalley,United States,312.8,71.15,29.5,30.56,0.935,-1.039,68.216,94830,40,RBC Canadian Open
Scott Piercy,United States,294.1,69.23,27.75,37.5,0.669,0.217,68.216,94830,40,RBC Canadian Open
Adam Svensson,Canada,294.1,69.23,28.75,38.89,0.531,0.162,68.216,94830,40,RBC Canadian Open
Adam Long,United States,285.5,73.08,30.75,29.17,0.483,0.488,68.216,94830,40,RBC Canadian Open
Dustin Johnson,United States,318.8,55.36,29.25,33.33,0.533,-0.284,68.403,,,RBC Canadian Open
Adam Schenk,United States,305.8,55.36,28.25,38.89,0.291,0.579,68.403,150849,40,RBC Canadian Open
Mackenzie Hughes,Canada,295.5,51.79,28.25,43.06,0.105,0.945,68.403,150849,40,RBC Canadian Open
Sebastián Muñoz,Colombia,306,71.15,29,38.89,0.641,0.309,68.466,71485,34,RBC Canadian Open
Jim Knous,United States,300.8,75,28,38.89,0.534,0.861,68.466,71485,34,RBC Canadian Open
John Huh,United States,291.8,67.31,30,38.89,0.478,-0.731,68.466,71485,34,RBC Canadian Open
Thomas Pieters,Belgium,314.5,58.93,29.25,43.06,0.542,1.172,68.653,,,RBC Canadian Open
Min Woo Lee,Australia,306.1,58.93,29.25,41.67,0.702,0.405,68.653,,,RBC Canadian Open
Aaron Wise,United States,304.3,60.71,28.75,40.28,0.178,0.025,68.653,127002,34,RBC Canadian Open
Sam Burns,United States,295.4,44.64,29,43.06,-0.477,1.178,68.653,127002,34,RBC Canadian Open
Emiliano Grillo,Argentina,311.6,71.15,30,34.72,1.005,-0.626,68.716,57047,27,RBC Canadian Open
Mackenzie Hughes,Canada,300.4,57.69,28.25,40.28,0.238,0.202,68.716,57047,27,RBC Canadian Open
Jonas Blixt,Sweden,298.8,71.15,26.75,44.44,0.438,0.821,68.716,57047,27,RBC Canadian Open
Danny Willett,England,297.5,51.92,28.25,44.44,0.133,1.377,68.716,57047,27,RBC Canadian Open
Chase Seiffert,United States,297.4,73.08,30.5,34.72,0.761,-0.849,68.716,57047,27,RBC Canadian Open
Hank Lebioda,United States,294.3,65.38,28.5,38.89,-0.175,0.178,68.716,57047,27,RBC Canadian Open
Nick Taylor,Canada,292.8,67.31,28.25,45.83,0.298,0.605,68.716,57047,27,RBC Canadian Open
Patrick Rodgers,United States,311.1,58.93,29.75,31.94,0.322,0.607,68.903,100331,26,RBC Canadian Open
MJ Daffue,South Africa,309.8,33.93,27,45.83,0.687,0.732,68.903,,,RBC Canadian Open
Callum Tarren,England,307.1,46.43,29.75,30.56,0.173,-0.416,68.903,100331,26,RBC Canadian Open
Davis Riley,United States,302.8,50,29.25,38.89,-0.371,-0.06,68.903,100331,26,RBC Canadian Open
Todd Sinnott,Australia,300.1,50,29.5,41.67,-0.767,0.728,68.903,,,RBC Canadian Open
Andrew Putnam,United States,291.1,60.71,28.5,43.06,-0.829,1.317,68.903,100331,26,RBC Canadian Open
Nick Hardy,United States,316.3,71.15,29.5,36.11,1.098,0.15,68.966,39730,17,RBC Canadian Open
Charley Hoffman,United States,311.5,57.69,27.75,43.06,0.967,0.926,68.966,39730,17,RBC Canadian Open
Adam Hadwin,Canada,306.6,69.23,30,30.56,0.614,-0.456,68.966,39730,17,RBC Canadian Open
Vince Whaley,United States,306.1,61.54,29.25,40.28,1.036,0.005,68.966,39730,17,RBC Canadian Open
Matt Wallace,England,302.5,65.38,27.75,43.06,-0.279,0.316,68.966,39730,17,RBC Canadian Open
S.Y. Noh,South Korea,293.1,48.08,27.75,40.28,-0.835,1.353,68.966,39730,17,RBC Canadian Open
Justin Lower,United States,285.8,55.77,28.5,41.67,-0.645,0.799,68.966,39730,17,RBC Canadian Open
Ryan Moore,United States,285.8,75,28.75,40.28,0.135,-0.239,68.966,39730,17,RBC Canadian Open
Ryan Armour,United States,284.1,63.46,28.25,40.28,-0.345,0.273,68.966,39730,17,RBC Canadian Open
Jordan Spieth,United States,309.1,44.64,29.5,36.11,0.271,-0.105,69.153,75916,19,RBC Canadian Open
Matthew NeSmith,United States,307,62.5,30.75,29.17,-0.09,0.343,69.153,75916,19,RBC Canadian Open
K.H. Lee,South Korea,305.3,73.21,31.25,33.33,0.084,-0.859,69.153,75916,19,RBC Canadian Open
Justin Thomas,United States,304.4,44.64,31,31.94,0.395,-0.733,69.153,75916,19,RBC Canadian Open
Joseph Bramlett,United States,302,50,31.75,29.17,0.661,-2.614,69.153,75916,19,RBC Canadian Open
Justin Rose,England,295.3,50,30,37.5,-0.325,0.136,69.153,75916,19,RBC Canadian Open
Austin Smotherman,United States,306.8,59.62,28,47.22,0.802,0.531,69.216,30015,12,RBC Canadian Open
Mark Hubbard,United States,291.4,67.31,29.5,36.11,0.074,0.688,69.216,30015,12,RBC Canadian Open
Chris Gotterup,United States,319.9,46.43,29.5,38.89,0.636,-1.573,69.403,,,RBC Canadian Open
Travis Vick,United States,319.5,60.71,29.25,38.89,0.255,1.478,69.403,,,RBC Canadian Open
Richard Bland,England,299.1,60.71,30.25,33.33,-0.584,0.12,69.403,,,RBC Canadian Open
Brian Harman,United States,292.1,62.5,29.5,36.11,-0.128,0.512,69.403,59332,13,RBC Canadian Open
Paul Barjon,France,311.1,69.23,30,36.11,0.943,0.219,69.466,26535,10,RBC Canadian Open
Carlos Ortiz,Mexico,301.8,71.15,30.25,31.94,0.579,-0.765,69.466,26535,10,RBC Canadian Open
Joaquin Niemann,Chile,313.1,44.64,30.75,33.33,0.272,-0.885,69.653,50672,11,RBC Canadian Open
Max Homa,United States,291.9,60.71,31.25,25,0.25,-1.641,69.653,50672,11,RBC Canadian Open
Aaron Cockerill,Canada,300.6,59.62,29.25,38.89,-0.238,1.136,69.716,,,RBC Canadian Open
Cameron Smith,Australia,297.3,48.08,29,36.11,-0.577,-0.235,69.716,22568,9,RBC Canadian Open
Lee Hodges,United States,296.8,67.31,31.25,29.17,-1.132,-0.111,69.716,22568,9,RBC Canadian Open
Brandt Snedeker,United States,286.6,73.08,30,33.33,-0.295,0.306,69.716,22568,9,RBC Canadian Open
Vaughn Taylor,United States,279.9,69.23,28.5,38.89,-0.682,0,69.716,22568,9,RBC Canadian Open
Sam Stevens,United States,306.3,60.71,30.75,30.56,0.197,-0.186,69.903,,,RBC Canadian Open
Sam Bennett,United States,301.8,67.86,30.5,34.72,0.166,-0.365,69.903,,,RBC Canadian Open
Patrick Reed,United States,297.3,48.21,29.75,40.28,-0.198,-0.399,69.903,,,RBC Canadian Open
David Lingmerth,Sweden,289.1,58.93,29,44.44,-0.604,1.175,69.903,44038,9,RBC Canadian Open
Jhonattan Vegas,Venezuela,308.3,57.69,31.75,29.17,0.344,-1.376,69.966,20387,6,RBC Canadian Open
Sahith Theegala,United States,303.5,53.85,30,36.11,0.383,0.097,69.966,20387,6,RBC Canadian Open
Brett Drewitt,Australia,303,69.23,28.75,37.5,0.163,-0.574,69.966,20387,6,RBC Canadian Open
Robert Streb,United States,301.9,55.77,29.5,36.11,0.199,0.707,69.966,20387,6,RBC Canadian Open
Ben Martin,United States,296.9,59.62,28.5,41.67,0.382,-0.501,69.966,20387,6,RBC Canadian Open
Bo Van Pelt,United States,284,57.69,27.5,51.39,-0.838,1.577,69.966,20387,6,RBC Canadian Open
Beau Hossler,United States,309.1,51.79,30.75,29.17,0.105,-0.278,70.153,40630,8,RBC Canadian Open
Sebastian Soderberg,Sweden,287.4,46.43,28.25,43.06,-0.228,1.208,70.153,,,RBC Canadian Open
Cameron Percy,Australia,291,57.69,30.25,38.89,0.17,-1.016,70.216,19662,5,RBC Canadian Open
J.J. Henry,United States,279.6,55.77,27.25,45.83,-1.355,1.465,70.216,19662,5,RBC Canadian Open
Brooks Koepka,United States,320.9,50,28.25,41.67,0.767,0.188,70.403,39432,7,RBC Canadian Open
Kramer Hickok,United States,300.9,65.38,29.75,40.28,0.409,-0.915,70.466,19314,5,RBC Canadian Open
Dylan Frittelli,South Africa,299.5,46.15,30,34.72,-0.685,0.099,70.466,19314,5,RBC Canadian Open
Bryson DeChambeau,United States,320,41.07,30.75,29.17,0.515,-0.176,70.653,38511,6,RBC Canadian Open
Tyrrell Hatton,England,314.1,50,30,34.72,0.32,-0.435,70.653,38511,6,RBC Canadian Open
Chris Naegel,United States,304.9,44.64,28.75,43.06,0.098,0.392,70.653,,,RBC Canadian Open
Wil Besseling,Netherlands,303.1,55.36,31.75,26.39,0.863,-1.216,70.653,,,RBC Canadian Open
Ben Crane,United States,282.9,57.69,27.75,43.06,-0.446,1.017,70.716,19053,4,RBC Canadian Open
Brandon Hagy,United States,309.4,48.08,28,41.67,-0.451,0.239,70.966,18531,4,RBC Canadian Open
Andrew Novak,United States,304.5,42.31,28.75,37.5,-0.641,-0.769,70.966,18531,4,RBC Canadian Open
David Skinns,England,297.8,38.46,28,38.89,-1.174,0.616,70.966,18531,4,RBC Canadian Open
Sean O'Hair,United States,295.6,65.38,29.75,36.11,0.239,-0.428,70.966,18531,4,RBC Canadian Open
Rafa Cabrera Bello,Spain,289.4,71.15,28.75,43.06,0.577,-0.328,70.966,,,RBC Canadian Open
Trey Mullinax,United States,312.9,36.54,29.75,34.72,-0.853,0.391,71.216,18009,3,RBC Canadian Open
Brandon Matthews,United States,306.3,30.36,29.5,40.28,0.568,-0.397,71.403,,,RBC Canadian Open
Austin Greaser,United States,302.5,37.5,29.5,36.11,-0.009,-0.318,71.653,,,RBC Canadian Open
Harris English,United States,299.9,57.14,30.5,33.33,-0.5,-1.652,71.653,37221,5,RBC Canadian Open
Dawie van der Walt,South Africa,312.4,61.54,31,36.11,-0.202,-0.841,71.716,17835,3,RBC Canadian Open
Grayson Murray,United States,316.8,48.21,29.5,41.67,0.669,-0.56,71.903,36843,5,RBC Canadian Open
Stewart Hagestad,United States,301.8,53.57,31.25,33.33,-0.087,-0.8,72.153,,,RBC Canadian Open
Patrick Cantlay,United States,299,62.5,28.5,43.06,0.6,0.063,68.301,872000,300,RBC Heritage
Jordan Spieth,United States,293.8,64.29,27.5,43.06,1.08,-0.636,68.301,1440000,500,RBC Heritage
Sepp Straka,Austria,313.3,58.93,27,41.67,0.355,0.454,68.551,330857,113,RBC Heritage
Cam Davis,Australia,312.6,62.5,26.75,51.39,0.735,0.345,68.551,330857,113,RBC Heritage
Cameron Young,United States,309.5,71.43,26,54.17,1.139,-0.223,68.551,330857,113,RBC Heritage
J.T. Poston,United States,302.9,78.57,27.5,47.22,1.052,0.477,68.551,330857,113,RBC Heritage
Shane Lowry,Ireland,301.1,60.71,26.5,55.56,-0.051,0.862,68.551,330857,113,RBC Heritage
Harold Varner III,United States,300.5,48.21,27.25,48.61,-0.384,1.342,68.551,330857,113,RBC Heritage
Matt Kuchar,United States,287.6,66.07,25.75,51.39,-0.013,1.813,68.551,330857,113,RBC Heritage
Erik van Rooyen,South Africa,297.6,75,26.75,50,1.019,1.787,68.801,210000,73,RBC Heritage
Tommy Fleetwood,England,287.8,62.5,25.75,54.17,-0.576,2.038,68.801,210000,73,RBC Heritage
Joaquin Niemann,Chile,301.3,53.57,26.75,51.39,0.522,0.618,69.301,140667,54,RBC Heritage
Matthew NeSmith,United States,301.1,62.5,28.5,41.67,0.137,-0.184,69.301,140667,54,RBC Heritage
Scott Piercy,United States,300.6,64.29,26.25,51.39,0.318,1.216,69.301,140667,54,RBC Heritage
Troy Merritt,United States,300.5,75,26,54.17,0.814,1.25,69.301,140667,54,RBC Heritage
Corey Conners,Canada,300.3,67.86,26.75,47.22,0.383,0.43,69.301,140667,54,RBC Heritage
Cameron Tringale,United States,298.1,62.5,27.75,45.83,0.031,0.946,69.301,140667,54,RBC Heritage
Adam Long,United States,290.1,75,27.25,43.06,0.624,0.915,69.301,140667,54,RBC Heritage
Joel Dahmen,United States,287.8,66.07,27.75,48.61,0.514,1.024,69.301,140667,54,RBC Heritage
Tyler Duncan,United States,287.1,76.79,28.5,34.72,0.739,0.176,69.301,140667,54,RBC Heritage
Aaron Wise,United States,305.8,64.29,27.25,45.83,0.844,0.657,69.551,83920,39,RBC Heritage
Sungjae Im,South Korea,294,71.43,28.25,38.89,1.156,-0.995,69.551,83920,39,RBC Heritage
Daniel Berger,United States,293.1,69.64,27.75,47.22,0.466,-0.019,69.551,83920,39,RBC Heritage
Billy Horschel,United States,286.6,71.43,26.5,50,0.556,0.803,69.551,83920,39,RBC Heritage
Graeme McDowell,Northern Ireland,283.4,64.29,26,50,-0.147,0.71,69.551,83920,39,RBC Heritage
Tyrrell Hatton,England,302.3,37.5,25.75,48.61,-0.921,0.917,69.801,54844,28,RBC Heritage
Patton Kizzire,United States,302,55.36,26.25,52.78,-0.003,0.672,69.801,54844,28,RBC Heritage
Maverick McNealy,United States,300.9,62.5,28.25,45.83,0.356,0.483,69.801,54844,28,RBC Heritage
Mito Pereira,Chile,297.5,71.43,28.25,40.28,0.765,-0.372,69.801,54844,28,RBC Heritage
Collin Morikawa,United States,295.4,66.07,28.25,43.06,0.821,-0.708,69.801,54844,28,RBC Heritage
Adam Svensson,Canada,293.8,64.29,26.5,47.22,-0.08,0.4,69.801,54844,28,RBC Heritage
Adam Hadwin,Canada,290.3,51.79,28,41.67,-0.032,-0.055,69.801,54844,28,RBC Heritage
Kevin Na,United States,283.9,73.21,27,51.39,-0.615,0.576,69.801,54844,28,RBC Heritage
Brendon Todd,United States,275.1,69.64,25.5,56.94,-0.101,1.367,69.801,54844,28,RBC Heritage
Jason Kokrak,United States,326.6,50,27,48.61,0.49,0.126,70.051,38171,18,RBC Heritage
Wyndham Clark,United States,321.6,67.86,27.5,47.22,0.475,0.156,70.051,38171,18,RBC Heritage
Justin Thomas,United States,317.3,48.21,26.25,55.56,0.002,0.037,70.051,38171,18,RBC Heritage
Doug Ghim,United States,302.4,69.64,26.25,43.06,0.534,-0.003,70.051,38171,18,RBC Heritage
Hudson Swafford,United States,302,62.5,26.5,48.61,-0.452,1.723,70.051,38171,18,RBC Heritage
Branden Grace,South Africa,299.5,62.5,30,36.11,0.555,-0.438,70.051,38171,18,RBC Heritage
Brian Harman,United States,286.1,78.57,26.75,51.39,1.107,1.06,70.051,38171,18,RBC Heritage
Robert Streb,United States,307.1,57.14,26,55.56,-0.129,0.486,70.301,27600,12,RBC Heritage
Alex Noren,Sweden,301.9,67.86,28,41.67,-0.084,0.682,70.301,27600,12,RBC Heritage
Peter Malnati,United States,300.3,53.57,27,43.06,-0.445,-0.093,70.301,27600,12,RBC Heritage
C.T. Pan,Chinese Taipei,297.6,67.86,28.5,44.44,0.072,-0.775,70.301,27600,12,RBC Heritage
Si Woo Kim,South Korea,290.4,66.07,28.75,40.28,0.311,-0.597,70.301,27600,12,RBC Heritage
Ian Poulter,England,288.8,58.93,26.25,52.78,-0.984,1.4,70.301,27600,12,RBC Heritage
Joseph Bramlett,United States,305.3,60.71,27.5,44.44,0.917,0.031,70.551,21360,9,RBC Heritage
Lucas Glover,United States,300.5,75,28,40.28,0.944,-0.937,70.551,21360,9,RBC Heritage
Doc Redman,United States,295.8,69.64,28,45.83,-0.886,0.524,70.551,21360,9,RBC Heritage
Danny Willett,England,300.4,60.71,27.75,40.28,-0.721,-0.099,70.801,19653,8,RBC Heritage
Brian Gay,United States,291,50,26,50,-0.365,0.655,70.801,19653,8,RBC Heritage
Pat Perez,United States,281.5,51.79,28,43.06,-1.317,0.673,70.801,19653,8,RBC Heritage
Charl Schwartzel,South Africa,314.5,60.71,28,44.44,0.35,0.238,71.051,18880,6,RBC Heritage
Henrik Stenson,Sweden,288.4,76.79,30,33.33,-0.011,-0.923,71.051,18880,6,RBC Heritage
Jim Herman,United States,297.1,78.57,30,33.33,0.563,-0.753,71.301,18480,6,RBC Heritage
Denny McCarthy,United States,287,64.29,27.5,48.61,-0.455,0.163,71.301,18480,6,RBC Heritage
Luke Donald,England,281.4,71.43,26.5,41.67,-0.286,0.131,71.301,18480,6,RBC Heritage
Webb Simpson,United States,312.8,66.07,28,41.67,0.262,-1.178,71.551,17680,5,RBC Heritage
Bill Haas,United States,300,71.43,27,45.83,0.018,0.281,71.551,17680,5,RBC Heritage
Ben Martin,United States,294.5,57.14,27.25,47.22,-0.423,0.471,71.551,17680,5,RBC Heritage
Roger Sloan,Canada,293,60.71,28.5,41.67,-0.306,-1.178,71.551,17680,5,RBC Heritage
Matthias Schwab,Austria,289,60.71,28.75,41.67,-0.815,0.17,71.551,17680,5,RBC Heritage
Camilo Villegas,Colombia,286.3,60.71,27,44.44,0.16,0.092,71.551,17680,5,RBC Heritage
Chad Ramey,United States,284.6,64.29,28,45.83,-0.544,0.337,71.551,17680,5,RBC Heritage
Dylan Frittelli,South Africa,298.9,57.14,28.25,45.83,-0.078,0.175,71.801,16960,4,RBC Heritage
Anirban Lahiri,India,288.6,67.86,29.25,41.67,0.398,-0.719,71.801,16960,4,RBC Heritage
Stewart Cink,United States,290.1,44.64,26.75,45.83,-1.398,-0.685,72.301,16720,3,RBC Heritage
Brian Stuard,United States,266.8,60.71,29.75,36.11,-1.079,-1.283,72.551,16560,3,RBC Heritage
Sahith Theegala,United States,301,58.93,28.75,43.06,-0.128,-0.271,73.051,16320,3,RBC Heritage
Jonathan Byrd,United States,295.8,55.36,26.75,48.61,-1.449,0.639,73.051,16320,3,RBC Heritage
Hudson Swafford,United States,306.9,64.29,26,56.94,-0.191,3.201,68.435,1368000,500,The American Express
Tom Hoge,United States,295,75,26.5,43.06,0.633,-0.33,68.51,828400,300,The American Express
Lanto Griffin,United States,296.4,60.71,27,47.22,0.448,1.747,68.76,402800,145,The American Express
Brian Harman,United States,285.8,64.29,27.75,43.06,-0.014,1.394,68.76,402800,145,The American Express
Denny McCarthy,United States,287.4,66.07,24,61.11,-1.324,2.678,69.01,256500,92,The American Express
Lee Hodges,United States,296.5,76.79,29,37.5,1.506,-0.574,69.185,402800,145,The American Express
Roger Sloan,Canada,289.9,57.14,24.25,54.17,0.756,2.197,69.423,119700,50,The American Express
Will Zalatoris,United States,317.4,58.93,26.5,47.22,0.787,-0.752,69.435,256500,92,The American Express
Francesco Molinari,Italy,294.6,73.21,25.75,52.78,0.924,0.766,69.435,256500,92,The American Express
Patton Kizzire,United States,298.3,58.93,28,44.44,0.469,-1.193,69.673,79420,39,The American Express
Patrick Cantlay,United States,306.3,58.93,27.75,47.22,0.934,0.099,69.685,222300,80,The American Express
Sungjae Im,South Korea,310.6,66.07,28.75,33.33,1.407,-0.529,69.76,184300,68,The American Express
Charles Howell III,United States,294.6,66.07,27.5,44.44,-0.276,-0.93,69.923,55955,30,The American Express
Paul Barjon,France,311.1,62.5,28.5,44.44,1.297,0.19,69.935,207100,75,The American Express
Joseph Bramlett,United States,315.3,73.21,28.5,43.06,1.554,-0.045,70.173,39683,20,The American Express
Jared Wolfe,United States,303.1,62.5,29.25,36.11,0.572,-0.735,70.173,39683,20,The American Express
Si Woo Kim,South Korea,298.8,62.5,26.25,54.17,0.367,1.993,70.185,184300,68,The American Express
Seamus Power,Ireland,303.3,66.07,27.25,51.39,-0.165,0.267,70.26,119700,50,The American Express
David Lipsky,United States,296.1,73.21,26.5,51.39,-1.298,0.834,70.26,119700,50,The American Express
Russell Henley,United States,295.6,69.64,28.5,44.44,0.796,-0.83,70.26,119700,50,The American Express
Andrew Putnam,United States,271.1,69.64,28.75,40.28,-0.43,0.834,70.26,119700,50,The American Express
Patrick Rodgers,United States,307.9,57.14,29,38.89,-1.177,0.035,70.423,27014,12,The American Express
Jason Dufner,United States,277.5,73.21,28,50,-0.379,1.331,70.423,27014,12,The American Express
Wyndham Clark,United States,313,62.5,27,47.22,0.352,0.5,70.435,161500,60,The American Express
Luke List,United States,319.5,60.71,28,43.06,0.724,-0.529,70.51,79420,39,The American Express
Sepp Straka,Austria,294,73.21,28.25,40.28,-0.258,2.184,70.673,18949,8,The American Express
Sam Ryder,United States,290.3,67.86,26.5,47.22,0.349,0.391,70.673,18949,8,The American Express
Jon Rahm,Spain,310.5,60.71,28,41.67,1.139,0.475,70.685,119700,50,The American Express
Brandt Snedeker,United States,291.1,83.93,27.5,51.39,1.25,0.585,70.685,119700,50,The American Express
Zach Johnson,United States,277,57.14,27,47.22,-0.731,-0.271,70.685,119700,50,The American Express
Stephen Stallings Jr.,United States,306.3,53.57,27.25,44.44,0.097,3.947,70.76,,,The American Express
J.T. Poston,United States,294.1,69.64,28,45.83,0.226,0.792,70.76,55955,30,The American Express
Greyson Sigg,United States,290.5,69.64,27.5,41.67,0.164,0.694,70.76,55955,30,The American Express
J.J. Spaun,United States,287.9,76.79,27.5,36.11,0.448,0.726,70.76,55955,30,The American Express
Martin Trainer,France,292.5,46.43,27,48.61,-0.005,1.134,70.923,17632,6,The American Express
Harold Varner III,United States,303.4,64.29,27.5,45.83,0.036,-0.634,70.935,79420,39,The American Express
Camilo Villegas,Colombia,295.1,67.86,29.25,36.11,0.24,-1.384,71.01,39683,20,The American Express
Justin Rose,England,294.9,69.64,27,52.78,-0.751,0.492,71.01,39683,20,The American Express
Nick Taylor,Canada,284.3,62.5,28,40.28,0.139,-0.028,71.01,39683,20,The American Express
Scottie Scheffler,United States,308.8,66.07,28.25,38.89,-0.251,0.491,71.185,55955,30,The American Express
Alex Smalley,United States,305.4,73.21,28.5,40.28,1.061,0.379,71.185,55955,30,The American Express
Adam Hadwin,Canada,290.8,67.86,28.75,37.5,0.796,1.39,71.185,55955,30,The American Express
Abraham Ancer,Mexico,296.5,73.21,29.25,37.5,0.759,-0.988,71.26,27014,12,The American Express
K.H. Lee,South Korea,294.5,48.21,28,41.67,-2.415,0.144,71.423,16492,4,The American Express
Henrik Norlander,Sweden,279.9,62.5,27.75,43.06,-0.603,1.183,71.423,16492,4,The American Express
Sahith Theegala,United States,299.8,62.5,28,44.44,0.037,0.232,71.435,39683,20,The American Express
Lucas Glover,United States,291.4,69.64,28.75,40.28,0.017,0.11,71.435,39683,20,The American Express
Jason Day,Australia,310,69.64,26.5,44.44,-0.968,-1.044,71.51,18949,8,The American Express
Bronson Burgoon,United States,290.3,60.71,27.75,41.67,-0.413,0.745,71.51,18949,8,The American Express
Hank Lebioda,United States,288.1,73.21,25.75,54.17,-0.116,0.512,71.51,18949,8,The American Express
Cameron Young,United States,308.1,57.14,27.25,50,-1.101,0.03,71.685,27014,12,The American Express
Tony Finau,United States,303.9,53.57,27.75,44.44,0.85,0.856,71.685,27014,12,The American Express
Harry Higgs,United States,295.3,58.93,25.75,50,-0.725,-0.056,71.685,27014,12,The American Express
Vince Whaley,United States,294.6,75,27,47.22,-0.536,-0.639,71.685,27014,12,The American Express
Christiaan Bezuidenhout,South Africa,283.5,67.86,28,36.11,-0.074,0.891,71.685,27014,12,The American Express
Graeme McDowell,Northern Ireland,270.6,62.5,25.75,59.72,-0.301,0.048,71.685,27014,12,The American Express
Michael Gligic,Canada,285.9,57.14,28.5,34.72,0.357,-1.54,71.76,17632,6,The American Express
Nick Hardy,United States,306,57.14,28.25,38.89,0.846,-0.918,71.923,15884,3,The American Express
S.Y. Noh,South Korea,287.8,53.57,29,38.89,-2.45,0.994,71.923,15884,3,The American Express
Adam Svensson,Canada,289.9,76.79,28.75,37.5,-0.702,-0.386,71.935,18949,8,The American Express
Doug Ghim,United States,290.4,67.86,28,38.89,-1.227,-1.772,72.01,17024,5,The American Express
Patrick Reed,United States,298.5,50,27.25,43.06,-0.467,1.556,72.185,17632,6,The American Express
Kevin Chappell,United States,293.8,55.36,28,47.22,0.707,-1.407,72.185,17632,6,The American Express
Emiliano Grillo,Argentina,289.8,66.07,27.5,45.83,0.757,0.195,72.26,16492,4,The American Express
Trey Mullinax,United States,309.5,62.5,29.5,36.11,0.962,-1.906,72.435,17024,5,The American Express
Davis Riley,United States,304,60.71,25.5,50,-2.119,-1.014,72.435,17024,5,The American Express
Aaron Rai,England,294.6,71.43,28.5,31.94,0.772,0.354,72.435,17024,5,The American Express
Anirban Lahiri,India,299.9,67.86,29.75,36.11,0.847,-0.421,72.935,16188,4,The American Express
Brice Garnett,United States,287.3,67.86,26.25,48.61,-0.301,-0.037,73.01,15580,3,The American Express
Taylor Moore,United States,291.5,66.07,27,45.83,-0.396,-0.708,73.185,15884,3,The American Express
Joaquin Niemann,Chile,296.8,44.64,25.5,52.78,0.49,0.613,66.86,2160000,550,The Genesis Invitational
Collin Morikawa,United States,318.8,58.93,25.75,47.22,0.776,1.707,67.36,1068000,258,The Genesis Invitational
Cameron Young,United States,318.6,58.93,26.75,50,1.301,1.48,67.36,1068000,258,The Genesis Invitational
Viktor Hovland,Norway,313.8,46.43,27.5,50,0.42,1.273,68.11,540000,128,The Genesis Invitational
Adam Scott,Australia,311.5,46.43,27.5,48.61,0.264,1.8,68.11,540000,128,The Genesis Invitational
Justin Thomas,United States,327.9,66.07,27.5,44.44,0.988,0.95,68.36,435000,105,The Genesis Invitational
Scottie Scheffler,United States,317.9,48.21,27.5,50,-0.211,0.62,68.61,390000,92,The Genesis Invitational
Maverick McNealy,United States,312,48.21,25.75,54.17,0.087,2.091,68.61,390000,92,The Genesis Invitational
C.T. Pan,Chinese Taipei,316.8,51.79,26.5,50,0.208,1.275,68.86,351000,83,The Genesis Invitational
Rory McIlroy,Northern Ireland,328.4,42.86,27.5,47.22,0.521,1.294,69.11,303000,73,The Genesis Invitational
Max Homa,United States,309.8,48.21,26.5,51.39,0.292,0.791,69.11,303000,73,The Genesis Invitational
Chez Reavie,United States,289.4,62.5,25.5,44.44,-0.123,0.53,69.11,303000,73,The Genesis Invitational
Xander Schauffele,United States,311.9,50,28,44.44,0.3,0.605,69.36,243000,64,The Genesis Invitational
Cameron Tringale,United States,305.8,53.57,29.25,30.56,0.089,-0.542,69.36,243000,64,The Genesis Invitational
Marc Leishman,Australia,322.8,48.21,27,48.61,-0.099,0.718,69.61,189000,55,The Genesis Invitational
Sepp Straka,Austria,318.8,51.79,26.25,54.17,-0.004,1.016,69.61,189000,55,The Genesis Invitational
Matt Jones,Australia,312,42.86,27,41.67,0.256,-1.006,69.61,189000,55,The Genesis Invitational
Paul Casey,England,310.4,53.57,29,44.44,0.162,-0.293,69.61,189000,55,The Genesis Invitational
Mito Pereira,Chile,308.8,53.57,28.25,40.28,-0.054,0.489,69.61,189000,55,The Genesis Invitational
Robert MacIntyre,Scotland,307.1,50,28.5,43.06,0.056,0.135,69.61,,,The Genesis Invitational
Jon Rahm,Spain,336.3,64.29,30.5,33.33,1.289,-0.653,69.86,125880,44,The Genesis Invitational
Emiliano Grillo,Argentina,322.5,53.57,26.5,47.22,0.678,0.753,69.86,125880,44,The Genesis Invitational
Danny Lee,New Zealand,312.8,41.07,27.25,45.83,-0.358,1.301,69.86,125880,44,The Genesis Invitational
Taylor Moore,United States,309.3,60.71,27.5,45.83,0.623,0.721,69.86,125880,44,The Genesis Invitational
Sebastián Muñoz,Colombia,300.9,69.64,29.75,33.33,1.479,-1.082,69.86,125880,44,The Genesis Invitational
Jordan Spieth,United States,320.1,48.21,28.5,41.67,0.123,0.085,70.11,85800,33,The Genesis Invitational
K.H. Lee,South Korea,316.8,60.71,27.75,48.61,0.551,1.281,70.11,85800,33,The Genesis Invitational
Peter Malnati,United States,311,53.57,26.75,51.39,0.113,1.088,70.11,85800,33,The Genesis Invitational
Will Zalatoris,United States,310.1,41.07,27.25,40.28,-0.206,-0.431,70.11,85800,33,The Genesis Invitational
Jason Kokrak,United States,307.5,46.43,27,48.61,-0.255,1.209,70.11,85800,33,The Genesis Invitational
Sam Ryder,United States,297.8,55.36,27,47.22,-0.228,1.106,70.11,85800,33,The Genesis Invitational
Dylan Frittelli,South Africa,270.3,50,27.25,43.06,-0.126,-0.166,70.11,85800,33,The Genesis Invitational
Russell Knox,Scotland,315.5,62.5,28.5,43.06,0.512,-0.376,70.36,64000,23,The Genesis Invitational
Patrick Cantlay,United States,310.8,48.21,26.75,48.61,0.478,0.027,70.36,64000,23,The Genesis Invitational
Sungjae Im,South Korea,308.1,50,28.25,44.44,0.056,0.789,70.36,64000,23,The Genesis Invitational
Russell Henley,United States,302.8,48.21,28.25,44.44,-0.421,0.291,70.36,64000,23,The Genesis Invitational
Tony Finau,United States,289.6,30.36,28.5,44.44,-0.36,-0.238,70.36,64000,23,The Genesis Invitational
Cameron Smith,Australia,276.4,32.14,28,43.06,-0.974,-0.093,70.36,64000,23,The Genesis Invitational
Carlos Ortiz,Mexico,318.6,48.21,27.25,50,0.047,0.676,70.61,45000,15,The Genesis Invitational
Lee Hodges,United States,317.4,55.36,28.75,38.89,0.364,0.51,70.61,45000,15,The Genesis Invitational
Lanto Griffin,United States,313.6,46.43,27.5,45.83,0.21,0.207,70.61,45000,15,The Genesis Invitational
Martin Laird,Scotland,313.4,62.5,29,38.89,0.826,-1.01,70.61,45000,15,The Genesis Invitational
Abraham Ancer,Mexico,311.3,48.21,26,47.22,-0.493,0.847,70.61,45000,15,The Genesis Invitational
Erik van Rooyen,South Africa,305.9,48.21,28,48.61,-0.226,-0.047,70.61,45000,15,The Genesis Invitational
Hideki Matsuyama,Japan,305.5,51.79,27.5,40.28,0.361,0.241,70.61,45000,15,The Genesis Invitational
Sergio Garcia,Spain,304.3,66.07,28.25,41.67,0.804,0.45,70.61,45000,15,The Genesis Invitational
Pat Perez,United States,294.5,51.79,27.5,44.44,-0.822,0.042,70.61,45000,15,The Genesis Invitational
Kevin Tway,United States,330.6,53.57,27.5,44.44,0.666,0.675,70.86,30429,9,The Genesis Invitational
Cam Davis,Australia,308.8,39.29,27,44.44,-0.356,0.057,70.86,30429,9,The Genesis Invitational
Beau Hossler,United States,305.9,41.07,28.75,33.33,-0.181,-0.111,70.86,30429,9,The Genesis Invitational
Keegan Bradley,United States,304.9,33.93,27,47.22,-0.319,-0.171,70.86,30429,9,The Genesis Invitational
Alex Noren,Sweden,302.9,48.21,27.5,45.83,-0.223,-0.562,70.86,30429,9,The Genesis Invitational
Sahith Theegala,United States,301.8,53.57,27,48.61,0.024,0.127,70.86,30429,9,The Genesis Invitational
Andrew Putnam,United States,288,42.86,28.5,41.67,-1.163,-0.053,70.86,30429,9,The Genesis Invitational
Nick Watney,United States,327.1,57.14,28.75,41.67,0.297,-0.157,71.11,27600,6,The Genesis Invitational
Jhonattan Vegas,Venezuela,326.6,50,30,34.72,0.172,-1.138,71.11,27600,6,The Genesis Invitational
Rickie Fowler,United States,324.8,33.93,27.5,41.67,-0.505,-0.715,71.11,27600,6,The Genesis Invitational
Matthew NeSmith,United States,303.6,53.57,27.25,50,0.045,-0.436,71.11,27600,6,The Genesis Invitational
Harry Higgs,United States,298.9,41.07,26,48.61,-0.248,0.557,71.11,27600,6,The Genesis Invitational
Francesco Molinari,Italy,295.1,48.21,26.5,47.22,-0.973,0.445,71.11,27600,6,The Genesis Invitational
James Hahn,United States,317.5,48.21,30,36.11,0.577,-1.008,71.36,26160,5,The Genesis Invitational
Doc Redman,United States,312.4,42.86,29,40.28,-0.059,-0.382,71.36,26160,5,The Genesis Invitational
Aaron Rai,England,304.5,62.5,27,44.44,-0.396,-0.519,71.36,26160,5,The Genesis Invitational
Patton Kizzire,United States,301.1,35.71,29.75,41.67,-0.505,-0.615,71.36,26160,5,The Genesis Invitational
Scott Piercy,United States,297.6,48.21,26.5,52.78,-0.295,0.697,71.36,26160,5,The Genesis Invitational
Brian Stuard,United States,289.4,66.07,28,41.67,-0.069,-0.089,71.36,26160,5,The Genesis Invitational
Cameron Champ,United States,320.1,42.86,27.5,45.83,-0.268,-0.23,71.61,24960,4,The Genesis Invitational
Hank Lebioda,United States,307,53.57,26.5,54.17,0.414,0.402,71.61,24960,4,The Genesis Invitational
Matt Kuchar,United States,295.8,42.86,26.5,45.83,-1.108,0.429,71.61,24960,4,The Genesis Invitational
Aaron Wise,United States,295.1,48.21,29.75,40.28,0.02,-0.759,71.61,24960,4,The Genesis Invitational
Charley Hoffman,United States,300.9,41.07,28.25,43.06,-0.425,0.178,71.86,24360,3,The Genesis Invitational
Alex Smalley,United States,314.4,48.21,27.75,45.83,0.074,0.798,72.11,24120,3,The Genesis Invitational
Si Woo Kim,South Korea,309.8,53.57,29.25,43.06,0.67,-1.502,72.36,23880,3,The Genesis Invitational
Joel Dahmen,United States,311.3,66.07,30.75,34.72,0.555,-1.667,72.61,23640,3,The Genesis Invitational
Adam Long,United States,293.5,51.79,26.5,48.61,-0.758,-0.186,73.11,23400,3,The Genesis Invitational
Sepp Straka,Austria,309.9,83.93,29,40.28,1.261,1.504,66.198,1440000,500,The Honda Classic
Shane Lowry,Ireland,292.3,73.21,29.25,37.5,0.963,1.025,66.448,872000,300,The Honda Classic
Kurt Kitayama,United States,314.3,64.29,28.75,38.89,0.095,1.369,66.698,552000,190,The Honda Classic
Daniel Berger,United States,299.5,67.86,29.5,31.94,0.516,0.563,66.948,392000,135,The Honda Classic
Gary Woodland,United States,311.4,64.29,29,37.5,0.408,0.785,67.698,309000,105,The Honda Classic
Alex Noren,Sweden,301,67.86,31,30.56,0.364,0.614,67.698,309000,105,The Honda Classic
Matthias Schwab,Austria,294.5,51.79,30,30.56,-0.264,0.612,67.948,260000,88,The Honda Classic
Chris Kirk,United States,292.9,53.57,28,45.83,0.109,0.71,67.948,260000,88,The Honda Classic
Keith Mitchell,United States,302.6,58.93,29.5,41.67,0.75,1.165,68.198,194000,68,The Honda Classic
Adam Svensson,Canada,298.1,69.64,30.5,33.33,0.812,-1.149,68.198,194000,68,The Honda Classic
Lee Hodges,United States,293.9,64.29,28.5,38.89,0.098,0.675,68.198,194000,68,The Honda Classic
Sam Ryder,United States,291.6,66.07,30,29.17,0.107,1.024,68.198,194000,68,The Honda Classic
John Huh,United States,279.4,66.07,28.5,45.83,0.101,1.06,68.198,194000,68,The Honda Classic
Brian Stuard,United States,269.1,73.21,28.75,37.5,0.118,0.491,68.198,194000,68,The Honda Classic
Mark Hubbard,United States,288,53.57,27.75,45.83,-0.029,1.428,68.448,146000,55,The Honda Classic
Dylan Frittelli,South Africa,312.1,53.57,28.25,38.89,-0.215,0.715,68.698,106533,45,The Honda Classic
Cameron Young,United States,311.6,64.29,29.75,36.11,1.003,0.19,68.698,106533,45,The Honda Classic
Brooks Koepka,United States,311.1,64.29,29.25,38.89,0.512,-0.105,68.698,106533,45,The Honda Classic
Martin Contini,Argentina,303.3,53.57,27.5,44.44,-0.014,1.047,68.698,,,The Honda Classic
Beau Hossler,United States,295.6,57.14,28.5,44.44,-0.345,1.389,68.698,106533,45,The Honda Classic
Kevin Streelman,United States,295.3,73.21,29.25,33.33,0.85,0.555,68.698,106533,45,The Honda Classic
C.T. Pan,Chinese Taipei,294,57.14,30.25,30.56,-0.026,-0.282,68.698,106533,45,The Honda Classic
Nick Taylor,Canada,293.3,55.36,29,43.06,0.043,-0.166,68.698,106533,45,The Honda Classic
Billy Horschel,United States,289.4,71.43,30.75,29.17,0.871,-0.42,68.698,106533,45,The Honda Classic
Taylor Pendrith,Canada,314.8,66.07,30.5,31.94,0.667,-0.27,68.948,62800,33,The Honda Classic
Bill Haas,United States,298.9,64.29,29.5,40.28,0.243,0.487,68.948,62800,33,The Honda Classic
Matthew NeSmith,United States,298.4,67.86,29.5,38.89,0.123,-0.202,68.948,62800,33,The Honda Classic
Chase Seiffert,United States,289.9,57.14,30,34.72,0.463,0.053,68.948,62800,33,The Honda Classic
Christiaan Bezuidenhout,South Africa,284.8,64.29,28.25,44.44,0.804,0.518,68.948,62800,33,The Honda Classic
Trey Mullinax,United States,311.4,57.14,28.25,41.67,0.365,0.172,69.198,43133,21,The Honda Classic
Callum Tarren,England,310.1,55.36,28,45.83,0.493,-0.458,69.198,43133,21,The Honda Classic
Nick Watney,United States,303.5,60.71,30,34.72,-0.091,0.485,69.198,43133,21,The Honda Classic
Dylan Wu,United States,300.3,75,29.25,37.5,0.167,1.69,69.198,43133,21,The Honda Classic
Mito Pereira,Chile,297,60.71,30.5,33.33,1.065,-1.086,69.198,43133,21,The Honda Classic
Andrew Kozan,United States,295.8,53.57,29.25,40.28,0.253,-0.404,69.198,,,The Honda Classic
Louis Oosthuizen,South Africa,295.8,62.5,27,48.61,0.355,1.28,69.198,43133,21,The Honda Classic
Rick Lamb,United States,295.4,58.93,30,36.11,0.31,0.602,69.198,,,The Honda Classic
J.J. Spaun,United States,291.6,69.64,31,29.17,0.18,0.202,69.198,43133,21,The Honda Classic
Denny McCarthy,United States,291.1,62.5,28.75,41.67,0.013,1.225,69.198,43133,21,The Honda Classic
Ian Poulter,England,289.9,57.14,29.5,38.89,-0.609,0.601,69.198,43133,21,The Honda Classic
Lucas Glover,United States,283,67.86,30.5,31.94,0.312,-0.198,69.198,43133,21,The Honda Classic
Jhonattan Vegas,Venezuela,321.3,53.57,29.75,36.11,-0.17,0.446,69.448,27600,12,The Honda Classic
Rickie Fowler,United States,308.5,53.57,28.5,41.67,0.244,1.31,69.448,27600,12,The Honda Classic
Davis Riley,United States,306.3,50,30.25,31.94,0.421,-0.085,69.448,27600,12,The Honda Classic
Lee Westwood,England,291,64.29,29.5,34.72,0.639,0.375,69.448,27600,12,The Honda Classic
J.T. Poston,United States,290.6,71.43,31.25,30.56,0.776,-0.066,69.448,27600,12,The Honda Classic
Brian Gay,United States,281.5,67.86,26.75,45.83,-1.069,1.658,69.448,27600,12,The Honda Classic
Martin Trainer,France,314.4,53.57,29,40.28,0.207,1.951,69.698,20286,8,The Honda Classic
Mackenzie Hughes,Canada,302.4,58.93,30.5,34.72,0.011,0.102,69.698,20286,8,The Honda Classic
Danny Willett,England,296.9,66.07,31.5,31.94,0.527,-1.108,69.698,20286,8,The Honda Classic
K.H. Lee,South Korea,293.6,60.71,29,43.06,0.338,0.334,69.698,20286,8,The Honda Classic
Stephan Jaeger,Germany,287.8,42.86,27.75,44.44,-1.577,0.712,69.698,20286,8,The Honda Classic
Rory Sabbatini,Slovakia,275.3,58.93,29,36.11,-0.442,-0.959,69.698,20286,8,The Honda Classic
Brendon Todd,United States,272.6,76.79,28.25,37.5,-0.225,1.276,69.698,20286,8,The Honda Classic
Curtis Thompson,United States,317.4,48.21,30.75,27.78,0.477,-0.568,69.948,18160,5,The Honda Classic
Peter Uihlein,United States,314.3,55.36,30.25,30.56,-0.569,-0.697,69.948,18160,5,The Honda Classic
Sam Stevens,United States,307.5,60.71,28.75,40.28,-0.47,0.248,69.948,,,The Honda Classic
Alex Smalley,United States,305.4,64.29,31,29.17,0.517,0.112,69.948,18160,5,The Honda Classic
Brett Drewitt,Australia,297.1,46.43,27.75,41.67,-0.674,-0.3,69.948,18160,5,The Honda Classic
Russell Knox,Scotland,293.6,67.86,30.5,33.33,0.575,-0.254,69.948,18160,5,The Honda Classic
Roger Sloan,Canada,290.3,64.29,30.25,40.28,0.391,-0.735,69.948,18160,5,The Honda Classic
David Lipsky,United States,287.9,67.86,30.25,36.11,0.326,-0.726,69.948,18160,5,The Honda Classic
Vaughn Taylor,United States,282.5,66.07,30.25,36.11,-0.113,0.001,69.948,18160,5,The Honda Classic
Patrick Rodgers,United States,296.8,66.07,31.5,30.56,0.296,-0.388,70.198,17280,4,The Honda Classic
Justin Lower,United States,293,53.57,30.25,31.94,-0.988,-0.666,70.198,17280,4,The Honda Classic
Garrick Higgo,South Africa,303.9,57.14,31.25,26.39,-0.45,-0.602,70.448,16800,4,The Honda Classic
Bronson Burgoon,United States,293.4,51.79,29.25,36.11,-0.849,0.348,70.448,16800,4,The Honda Classic
Aaron Rai,England,286,71.43,29.25,36.11,-0.324,-0.062,70.448,16800,4,The Honda Classic
William McGirt,United States,277,62.5,29.25,34.72,-0.617,-0.146,70.448,16800,4,The Honda Classic
Ryan Palmer,United States,298,58.93,28.75,33.33,0.08,-0.567,70.698,16320,3,The Honda Classic
Joshua Creel,United States,285.5,64.29,28,44.44,0.16,1.088,70.698,16320,3,The Honda Classic
Robert Streb,United States,286.6,39.29,30.5,30.56,-1.918,0.249,71.698,16000,3,The Honda Classic
Austin Cook,United States,276.1,67.86,29.5,34.72,0.163,0.061,71.698,16000,3,The Honda Classic
Cameron Smith,Australia,290.8,42.86,25.25,58.33,-1.293,2.88,68.404,3600000,600,THE PLAYERS Championship
Anirban Lahiri,India,282.8,67.86,28.5,41.67,0.871,1.413,68.654,2180000,330,THE PLAYERS Championship
Paul Casey,England,289.5,55.36,26.75,50,-0.269,1.22,68.904,1380000,210,THE PLAYERS Championship
Kevin Kisner,United States,271.9,67.86,26.75,44.44,0.516,1.473,69.154,980000,150,THE PLAYERS Championship
Keegan Bradley,United States,296.4,67.86,29.5,40.28,1.385,-0.265,69.404,820000,120,THE PLAYERS Championship
Harold Varner III,United States,284.1,67.86,29.25,40.28,0.743,0.134,69.654,675000,101,THE PLAYERS Championship
Russell Knox,Scotland,276.1,73.21,30.25,29.17,0.737,0.377,69.654,675000,101,THE PLAYERS Championship
Doug Ghim,United States,272.4,78.57,29.5,40.28,0.948,0.336,69.654,675000,101,THE PLAYERS Championship
Viktor Hovland,Norway,295.8,78.57,30.5,33.33,1.175,-0.786,69.904,525000,80,THE PLAYERS Championship
Dustin Johnson,United States,294.6,55.36,28,48.61,0.567,1.341,69.904,525000,80,THE PLAYERS Championship
Adam Hadwin,Canada,286.6,64.29,28.25,44.44,-0.266,1.427,69.904,525000,80,THE PLAYERS Championship
Sepp Straka,Austria,286.5,58.93,29.75,36.11,0.859,1.5,69.904,525000,80,THE PLAYERS Championship
Taylor Pendrith,Canada,301.4,62.5,30.5,36.11,0.938,0.619,70.154,327222,57,THE PLAYERS Championship
Brendan Steele,United States,295.3,76.79,30.25,36.11,1.904,-0.524,70.154,327222,57,THE PLAYERS Championship
Max Homa,United States,294.5,60.71,29.75,40.28,1.095,-0.337,70.154,327222,57,THE PLAYERS Championship
Tyrrell Hatton,England,292.8,51.79,27.25,51.39,-0.309,2.109,70.154,327222,57,THE PLAYERS Championship
Keith Mitchell,United States,291,62.5,29,44.44,1.07,0.351,70.154,327222,57,THE PLAYERS Championship
Shane Lowry,Ireland,288,51.79,30,33.33,0.432,0.426,70.154,327222,57,THE PLAYERS Championship
Erik van Rooyen,South Africa,280.9,53.57,29.75,34.72,-0.376,-0.941,70.154,327222,57,THE PLAYERS Championship
Daniel Berger,United States,279.6,55.36,26.25,50,0.105,1.333,70.154,327222,57,THE PLAYERS Championship
Russell Henley,United States,278.9,57.14,28,40.28,-0.808,0.581,70.154,327222,57,THE PLAYERS Championship
Joaquin Niemann,Chile,299.8,51.79,29.75,31.94,0.794,-0.301,70.404,201000,43,THE PLAYERS Championship
Tommy Fleetwood,England,294.5,67.86,30.75,29.17,0.813,-0.398,70.404,201000,43,THE PLAYERS Championship
Patton Kizzire,United States,289.1,51.79,27.75,47.22,-1.031,1.953,70.404,201000,43,THE PLAYERS Championship
Kevin Streelman,United States,278.3,82.14,28.25,45.83,0.433,0.835,70.404,201000,43,THE PLAYERS Championship
Sam Burns,United States,293.5,46.43,28.75,45.83,0.046,1.101,70.654,143000,33,THE PLAYERS Championship
Will Zalatoris,United States,293.1,57.14,30,36.11,1.112,-0.391,70.654,143000,33,THE PLAYERS Championship
Sergio Garcia,Spain,291.8,69.64,30,37.5,0.967,0.742,70.654,143000,33,THE PLAYERS Championship
Alex Noren,Sweden,283.1,50,29.25,43.06,0.163,-0.151,70.654,143000,33,THE PLAYERS Championship
Doc Redman,United States,282,62.5,30,31.94,0.854,0.168,70.654,143000,33,THE PLAYERS Championship
Corey Conners,Canada,280,58.93,29.75,34.72,0.415,0.188,70.654,143000,33,THE PLAYERS Championship
Patrick Reed,United States,278.3,55.36,28,45.83,-1.433,2.246,70.654,143000,33,THE PLAYERS Championship
Rory McIlroy,Northern Ireland,293.6,66.07,29.75,33.33,0.77,-1.121,70.904,100111,22,THE PLAYERS Championship
Sebastián Muñoz,Colombia,289.3,64.29,28.5,43.06,0.653,0.842,70.904,100111,22,THE PLAYERS Championship
Seamus Power,Ireland,286.3,64.29,30,37.5,1.271,0.898,70.904,100111,22,THE PLAYERS Championship
Justin Thomas,United States,285.9,62.5,28.75,34.72,0.548,-0.151,70.904,100111,22,THE PLAYERS Championship
Tom Hoge,United States,280.3,71.43,30.25,31.94,0.824,-1.309,70.904,100111,22,THE PLAYERS Championship
Joel Dahmen,United States,275.9,67.86,29,37.5,-0.006,1.205,70.904,100111,22,THE PLAYERS Championship
Abraham Ancer,Mexico,274.5,62.5,28.5,38.89,0.2,0.156,70.904,100111,22,THE PLAYERS Championship
Ian Poulter,England,273.1,69.64,28.5,43.06,-0.298,0.098,70.904,100111,22,THE PLAYERS Championship
Pat Perez,United States,272.6,66.07,28,44.44,-0.407,1.437,70.904,100111,22,THE PLAYERS Championship
Scott Stallings,United States,290.4,60.71,28.5,41.67,-0.208,0.478,71.154,73000,14,THE PLAYERS Championship
Louis Oosthuizen,South Africa,282.5,78.57,28.75,37.5,1.173,-0.014,71.154,73000,14,THE PLAYERS Championship
Francesco Molinari,Italy,279.4,60.71,29.5,34.72,0.025,-0.234,71.154,73000,14,THE PLAYERS Championship
Kramer Hickok,United States,273.8,67.86,30.5,36.11,0.534,-0.355,71.154,73000,14,THE PLAYERS Championship
Peter Malnati,United States,285.9,57.14,29,43.06,-0.859,0.787,71.404,57700,11,THE PLAYERS Championship
Maverick McNealy,United States,283.6,58.93,30,34.72,0.403,0.043,71.404,57700,11,THE PLAYERS Championship
Troy Merritt,United States,279.6,55.36,28.25,44.44,-0.478,1.151,71.404,57700,11,THE PLAYERS Championship
Adam Long,United States,274.8,73.21,28.75,41.67,0.675,0.374,71.404,57700,11,THE PLAYERS Championship
Aaron Wise,United States,298.9,55.36,32.25,27.78,0.429,-1.256,71.654,50200,9,THE PLAYERS Championship
Dylan Frittelli,South Africa,284,57.14,30.5,36.11,-0.032,-0.556,71.654,50200,9,THE PLAYERS Championship
Brice Garnett,United States,278.6,60.71,29,41.67,-0.386,-0.258,71.654,50200,9,THE PLAYERS Championship
Jason Kokrak,United States,297.3,60.71,27.5,41.67,-0.578,0.299,71.904,47800,8,THE PLAYERS Championship
Branden Grace,South Africa,276.9,53.57,28.5,40.28,0.115,0.009,71.904,47800,8,THE PLAYERS Championship
Scottie Scheffler,United States,293.1,50,27.75,48.61,0.25,0.433,72.154,46200,6,THE PLAYERS Championship
Jon Rahm,Spain,292.4,71.43,31.5,29.17,1.806,-0.247,72.154,46200,6,THE PLAYERS Championship
Jimmy Walker,United States,282.1,60.71,30.75,33.33,0.247,-1.239,72.154,46200,6,THE PLAYERS Championship
K.H. Lee,South Korea,279.3,51.79,30.75,31.94,-0.364,0.164,72.154,46200,6,THE PLAYERS Championship
Sungjae Im,South Korea,278.9,51.79,28.5,37.5,-0.327,0.098,72.154,46200,6,THE PLAYERS Championship
Sam Ryder,United States,277.5,53.57,28.25,45.83,-0.692,0.707,72.404,44600,5,THE PLAYERS Championship
Denny McCarthy,United States,274.1,55.36,29.25,38.89,-0.631,0.112,72.404,44600,5,THE PLAYERS Championship
Michael Thompson,United States,272.6,71.43,28.5,48.61,-0.154,0.934,72.404,44600,5,THE PLAYERS Championship
Chesson Hadley,United States,290,46.43,26.75,51.39,-1.55,2.277,72.654,43400,5,THE PLAYERS Championship
Brian Harman,United States,274,69.64,29.25,31.94,0.53,-0.348,72.654,43400,5,THE PLAYERS Championship
Hank Lebioda,United States,270.1,53.57,31,30.56,-0.996,-0.597,72.654,43400,5,THE PLAYERS Championship
Nick Watney,United States,286.9,57.14,31.25,30.56,-0.421,-0.435,72.904,42400,4,THE PLAYERS Championship
Hayden Buckley,United States,282.4,75,32.5,27.78,1.483,-1.471,72.904,42400,4,THE PLAYERS Championship
Lucas Herbert,Australia,299,44.64,28.25,41.67,-0.95,0.306,73.404,41600,4,THE PLAYERS Championship
Bubba Watson,United States,272.5,60.71,29.75,38.89,0.495,0.149,73.404,41600,4,THE PLAYERS Championship
Lee Hodges,United States,278.3,71.43,30.75,37.5,0.212,-1.701,73.904,41000,3,THE PLAYERS Championship
Xander Schauffele,United States,295.9,75,29,40.28,0.75,1.985,65.903,1494000,500,Travelers Championship
Sahith Theegala,United States,297.9,62.5,28,44.44,0.709,1.047,66.403,738700,245,Travelers Championship
J.T. Poston,United States,286.5,69.64,28.25,43.06,0.087,1.327,66.403,738700,245,Travelers Championship
Michael Thorbjornsen,United States,310.4,67.86,27.25,50,1.139,2.399,66.903,,,Travelers Championship
Chesson Hadley,United States,288.1,64.29,28,38.89,-0.48,1.588,67.153,406700,110,Travelers Championship
Keith Mitchell,United States,310.8,57.14,27,47.22,0.67,1.431,67.653,320588,95,Travelers Championship
Kevin Kisner,United States,281.5,66.07,27.75,45.83,-0.215,1.917,67.653,320588,95,Travelers Championship
Nick Hardy,United States,308.1,71.43,28.5,43.06,0.625,0.964,67.903,243605,75,Travelers Championship
Scott Stallings,United States,300.6,64.29,27,50,0.136,0.368,67.903,243605,75,Travelers Championship
Brian Harman,United States,296.4,80.36,29.5,34.72,0.937,-0.483,67.903,243605,75,Travelers Championship
William McGirt,United States,278.8,66.07,29,36.11,-0.457,1.368,67.903,243605,75,Travelers Championship
Chez Reavie,United States,278,85.71,30,34.72,0.646,0.989,67.903,243605,75,Travelers Championship
Tony Finau,United States,303.9,60.71,29,37.5,0.356,-0.166,68.153,159775,54,Travelers Championship
Patrick Cantlay,United States,302.5,60.71,30,37.5,0.34,0.763,68.153,159775,54,Travelers Championship
Scottie Scheffler,United States,294.6,64.29,30.25,31.94,1.082,-0.248,68.153,159775,54,Travelers Championship
Webb Simpson,United States,294,76.79,29.5,38.89,0.839,0.434,68.153,159775,54,Travelers Championship
John Huh,United States,289.5,67.86,28.75,41.67,0.412,0.639,68.153,159775,54,Travelers Championship
Martin Laird,Scotland,286.5,75,29.25,36.11,0.235,-0.58,68.153,159775,54,Travelers Championship
Rory McIlroy,Northern Ireland,316.1,60.71,28.5,40.28,0.363,0.553,68.403,106102,42,Travelers Championship
Luke List,United States,306.6,66.07,30.25,34.72,0.904,-1.958,68.403,106102,42,Travelers Championship
Keegan Bradley,United States,296.6,64.29,30.5,33.33,-0.129,0.177,68.403,106102,42,Travelers Championship
K.H. Lee,South Korea,289.4,60.71,27.75,43.06,-0.031,1.756,68.403,106102,42,Travelers Championship
Matthew NeSmith,United States,282.3,67.86,31.5,26.39,0.401,-0.786,68.403,106102,42,Travelers Championship
Harris English,United States,275.4,60.71,27.75,45.83,-0.529,1.664,68.403,106102,42,Travelers Championship
Mackenzie Hughes,Canada,301.5,75,27.75,45.83,-0.274,1.151,68.653,61835,29,Travelers Championship
Brendan Steele,United States,301.4,76.79,32.25,26.39,1.41,-1.539,68.653,61835,29,Travelers Championship
Bill Haas,United States,297.1,58.93,30.25,36.11,-0.474,0.492,68.653,61835,29,Travelers Championship
Lee Hodges,United States,295.3,67.86,29.25,31.94,0.478,1.082,68.653,61835,29,Travelers Championship
Adam Svensson,Canada,289.1,71.43,28.5,43.06,0.403,0.567,68.653,61835,29,Travelers Championship
Kevin Streelman,United States,287.6,67.86,27.75,41.67,0.254,0.124,68.653,61835,29,Travelers Championship
Seamus Power,Ireland,286.4,67.86,28.5,40.28,0.323,-0.074,68.653,61835,29,Travelers Championship
Nate Lashley,United States,286,62.5,29.25,38.89,0.23,0.417,68.653,61835,29,Travelers Championship
Ryan Armour,United States,281.9,85.71,28.25,45.83,0.944,1.05,68.653,61835,29,Travelers Championship
Adam Long,United States,279.6,78.57,27,50,0.223,2.278,68.653,61835,29,Travelers Championship
Chris Gotterup,United States,328.5,66.07,28.5,43.06,0.599,0.75,68.903,,,Travelers Championship
Wyndham Clark,United States,317,67.86,30.25,36.11,0.777,0.379,68.903,43243,19,Travelers Championship
Charles Howell III,United States,306.6,64.29,30,33.33,1.229,0.095,68.903,43243,19,Travelers Championship
Robert Streb,United States,295.6,64.29,30,33.33,0.34,-0.065,68.903,43243,19,Travelers Championship
Sam Ryder,United States,283.8,66.07,29.25,38.89,0.063,-0.196,68.903,43243,19,Travelers Championship
Matthew Wolff,United States,305.6,55.36,27.5,43.06,-0.477,0.892,69.153,36105,15,Travelers Championship
Michael Gligic,Canada,305,58.93,28,38.89,-0.193,1.478,69.153,36105,15,Travelers Championship
Aaron Rai,England,278.8,69.64,31,30.56,0.053,-0.178,69.153,36105,15,Travelers Championship
Harold Varner III,United States,294.3,60.71,29.75,36.11,-0.323,-0.201,69.403,31125,12,Travelers Championship
Conrad Shindler,United States,288.9,69.64,31,26.39,0.265,-0.224,69.403,,,Travelers Championship
Hayden Buckley,United States,283.8,76.79,29.5,33.33,0.719,0.699,69.403,31125,12,Travelers Championship
Andrew Novak,United States,296.9,71.43,29.75,37.5,1.161,-0.532,69.653,23679,9,Travelers Championship
Ben Silverman,Canada,289.1,71.43,30.5,31.94,0.174,-0.034,69.653,,,Travelers Championship
Tyler Duncan,United States,285.6,69.64,29,40.28,0.358,-0.368,69.653,23679,9,Travelers Championship
Matt Wallace,England,285.4,67.86,30,34.72,-0.457,0.597,69.653,23679,9,Travelers Championship
Mark Hubbard,United States,282.4,58.93,29.5,36.11,-1.193,0.809,69.653,23679,9,Travelers Championship
Tommy Fleetwood,England,282,60.71,29,38.89,-0.955,0.422,69.653,23679,9,Travelers Championship
Andrew Putnam,United States,282,71.43,29.75,37.5,-0.044,-0.586,69.653,23679,9,Travelers Championship
Paul Barjon,France,298.9,75,29,41.67,1.165,0.183,69.903,20003,7,Travelers Championship
Stewart Cink,United States,297.3,64.29,29.5,34.72,0.03,-0.428,69.903,20003,7,Travelers Championship
Matthias Schwab,Austria,296.1,42.86,31.25,31.94,-0.787,0.07,69.903,20003,7,Travelers Championship
Joseph Bramlett,United States,323.8,48.21,31.5,25,0.186,-1.999,70.153,19007,5,Travelers Championship
Cam Davis,Australia,310.1,69.64,30.5,38.89,0.899,-0.31,70.153,19007,5,Travelers Championship
Jonas Blixt,Sweden,307.3,71.43,28,45.83,0.586,2.171,70.153,19007,5,Travelers Championship
Hank Lebioda,United States,293,66.07,31,29.17,-0.185,-0.83,70.153,19007,5,Travelers Championship
Kelly Kraft,United States,291.9,76.79,29.5,34.72,0.794,0.251,70.153,19007,5,Travelers Championship
Taylor Moore,United States,291.1,64.29,29.25,34.72,0.47,0.476,70.153,19007,5,Travelers Championship
Luke Donald,England,274.6,53.57,29.75,34.72,-0.977,-0.47,70.153,19007,5,Travelers Championship
Austin Cook,United States,286.6,75,29.5,33.33,-0.084,-0.12,70.403,18343,4,Travelers Championship
Davis Riley,United States,303.6,71.43,31,30.56,1.481,-1.995,70.653,18011,4,Travelers Championship
Patton Kizzire,United States,293,62.5,29.75,36.11,-0.523,0.01,70.653,18011,4,Travelers Championship
Peter Malnati,United States,290.8,66.07,29.25,34.72,-0.007,-0.357,70.653,18011,4,Travelers Championship
Kevin Tway,United States,306.1,50,29.25,31.94,-0.639,-0.5,70.903,17679,4,Travelers Championship
Morgan Hoffmann,United States,281.5,58.93,31.5,27.78,-0.32,-1.527,71.153,17513,3,Travelers Championship
Joel Dahmen,United States,287.5,71.43,30.5,31.94,-0.112,-0.914,71.653,17347,3,Travelers Championship
Harry Higgs,United States,308.4,48.21,29.5,34.72,-0.806,-0.67,71.903,17098,3,Travelers Championship
Lucas Glover,United States,296.6,69.64,31.5,29.17,-0.342,-0.938,71.903,17098,3,Travelers Championship
J.J. Spaun,United States,304.9,64.29,26.5,45.83,0.653,0.746,69.064,1548000,500,Valero Texas Open
Matt Jones,Australia,318.6,51.79,27,50,0.497,0.586,69.564,765400,245,Valero Texas Open
Matt Kuchar,United States,288,58.93,25.75,58.33,-0.139,1.856,69.564,765400,245,Valero Texas Open
Beau Hossler,United States,329.1,58.93,26,58.33,0.32,1.724,69.814,344000,109,Valero Texas Open
Adam Hadwin,Canada,315.1,60.71,27.5,45.83,0.708,-0.297,69.814,344000,109,Valero Texas Open
Charles Howell III,United States,312,71.43,28.25,44.44,1.442,-0.459,69.814,344000,109,Valero Texas Open
Troy Merritt,United States,302.8,41.07,24.75,58.33,-0.38,2.467,69.814,344000,109,Valero Texas Open
Dylan Frittelli,South Africa,320.9,46.43,26.5,52.78,0.051,0.972,70.064,234350,75,Valero Texas Open
Gary Woodland,United States,319.3,50,28,38.89,0.148,0.447,70.064,234350,75,Valero Texas Open
Keegan Bradley,United States,314.6,48.21,26.5,51.39,-0.48,-0.063,70.064,234350,75,Valero Texas Open
Matthias Schwab,Austria,297.3,50,27.25,47.22,-0.502,0.469,70.064,234350,75,Valero Texas Open
Brendon Todd,United States,285.8,66.07,27.25,50,0.065,1.097,70.064,234350,75,Valero Texas Open
Scott Stallings,United States,323.5,41.07,27,51.39,-0.107,0.971,70.314,158670,55,Valero Texas Open
Si Woo Kim,South Korea,321.5,62.5,27,44.44,0.515,0.37,70.314,158670,55,Valero Texas Open
Anirban Lahiri,India,308.5,57.14,29,40.28,0.631,0.598,70.314,158670,55,Valero Texas Open
Mito Pereira,Chile,305.3,55.36,27.75,43.06,0.516,0.706,70.314,158670,55,Valero Texas Open
Zach Johnson,United States,291.6,62.5,27.5,50,-0.136,0.852,70.314,158670,55,Valero Texas Open
Kevin Chappell,United States,342.6,50,26.75,50,0.547,0.643,70.564,92606,39,Valero Texas Open
Jhonattan Vegas,Venezuela,330.4,57.14,28,44.44,0.954,-0.448,70.564,92606,39,Valero Texas Open
Rasmus Hojgaard,Denmark,328.8,41.07,26.75,52.78,-0.127,1.927,70.564,,,Valero Texas Open
Aaron Baddeley,Australia,308.8,39.29,25.75,54.17,-0.492,1.449,70.564,92606,39,Valero Texas Open
Brandt Snedeker,United States,307.9,58.93,28.25,38.89,0.396,-1.296,70.564,92606,39,Valero Texas Open
Scott Gutschewski,United States,306.9,53.57,27,50,-0.41,0.849,70.564,92606,39,Valero Texas Open
Nate Lashley,United States,305.5,53.57,28,41.67,-0.059,-0.639,70.564,92606,39,Valero Texas Open
Kevin Streelman,United States,305.1,64.29,26.75,51.39,0.5,0.171,70.564,92606,39,Valero Texas Open
Lucas Glover,United States,303.1,60.71,26.5,50,0.687,0.075,70.564,92606,39,Valero Texas Open
Denny McCarthy,United States,302.9,62.5,28.5,41.67,0.293,0.594,70.564,92606,39,Valero Texas Open
Henrik Stenson,Sweden,298.3,71.43,27.25,44.44,0.279,0.306,70.564,92606,39,Valero Texas Open
Jared Wolfe,United States,316.8,48.21,27.5,44.44,-0.05,0.701,70.814,55112,26,Valero Texas Open
Vince Whaley,United States,313.6,44.64,26.5,47.22,0.204,0.929,70.814,55112,26,Valero Texas Open
Tony Finau,United States,307.8,55.36,29,43.06,0.52,0.514,70.814,55112,26,Valero Texas Open
Martin Laird,Scotland,305.5,66.07,28.75,40.28,0.93,0.054,70.814,55112,26,Valero Texas Open
Richard Bland,England,299.4,69.64,27,51.39,0.439,0.568,70.814,,,Valero Texas Open
Aaron Rai,England,297.1,55.36,29,41.67,-0.068,0.638,70.814,55112,26,Valero Texas Open
Robert MacIntyre,Scotland,314.9,51.79,26.75,50,0.445,0.483,71.064,,,Valero Texas Open
Maverick McNealy,United States,313.6,60.71,28,44.44,0.97,-0.481,71.064,41925,19,Valero Texas Open
Jordan Spieth,United States,312.5,44.64,29,41.67,0.606,-1.797,71.064,41925,19,Valero Texas Open
Corey Conners,Canada,308.4,58.93,29,43.06,1.015,-0.128,71.064,41925,19,Valero Texas Open
Chris Kirk,United States,307,55.36,29,38.89,0.213,-0.728,71.064,41925,19,Valero Texas Open
Adam Long,United States,301.1,60.71,30,33.33,0.62,-0.139,71.064,41925,19,Valero Texas Open
Peter Malnati,United States,307.9,51.79,26,52.78,0.001,0.941,71.314,30530,12,Valero Texas Open
J.T. Poston,United States,307.5,51.79,28.5,43.06,0.017,0.798,71.314,30530,12,Valero Texas Open
Greyson Sigg,United States,303.9,60.71,26.75,48.61,0.175,0.635,71.314,30530,12,Valero Texas Open
C.T. Pan,Chinese Taipei,301,66.07,28.25,44.44,0.537,-0.339,71.314,30530,12,Valero Texas Open
Chad Ramey,United States,297.6,50,27.25,47.22,-0.741,-0.072,71.314,30530,12,Valero Texas Open
John Huh,United States,294.3,62.5,29.5,36.11,0.38,0.104,71.314,30530,12,Valero Texas Open
Andrew Putnam,United States,290.4,51.79,28.75,41.67,0.025,0.01,71.314,30530,12,Valero Texas Open
Brendan Steele,United States,318.8,57.14,27.75,44.44,0.768,0.003,71.564,22308,9,Valero Texas Open
Ryan Palmer,United States,315.9,51.79,29.25,40.28,0.037,-0.622,71.564,22308,9,Valero Texas Open
David Skinns,England,313.1,50,26.25,51.39,-0.459,0.183,71.564,22308,9,Valero Texas Open
Richy Werenski,United States,308,48.21,27.5,47.22,-0.246,1.055,71.564,22308,9,Valero Texas Open
William McGirt,United States,296.4,67.86,28.25,47.22,-0.241,-0.079,71.564,22308,9,Valero Texas Open
Luke List,United States,321.1,51.79,28.5,41.67,0.441,-0.767,71.814,20244,6,Valero Texas Open
Chesson Hadley,United States,310.3,39.29,26.5,54.17,-0.409,1.329,71.814,20244,6,Valero Texas Open
Lanto Griffin,United States,308.6,46.43,29,36.11,0.082,-1.061,71.814,20244,6,Valero Texas Open
Henrik Norlander,Sweden,304.5,62.5,31,31.94,0.825,-1.817,71.814,20244,6,Valero Texas Open
Roger Sloan,Canada,300.4,53.57,27,45.83,-0.372,-0.064,71.814,20244,6,Valero Texas Open
Hudson Swafford,United States,319.9,58.93,29.75,38.89,0.338,-0.586,72.064,19522,5,Valero Texas Open
Patrick Rodgers,United States,318.1,37.5,28.5,40.28,-0.504,-0.186,72.064,19522,5,Valero Texas Open
Luke Donald,England,297.8,51.79,26.25,52.78,-0.714,0.129,72.064,19522,5,Valero Texas Open
Austin Smotherman,United States,315.6,64.29,27.25,50,0.355,-0.085,72.314,19092,5,Valero Texas Open
Russell Knox,Scotland,301.4,58.93,28.75,36.11,-0.174,-0.983,72.314,19092,5,Valero Texas Open
Davis Riley,United States,313.8,60.71,28.75,41.67,0.343,-1.497,72.564,18576,4,Valero Texas Open
S.Y. Noh,South Korea,304,37.5,27.25,50,-0.659,-0.033,72.564,18576,4,Valero Texas Open
Ben Martin,United States,302.3,67.86,27.25,45.83,0.542,0.186,72.564,18576,4,Valero Texas Open
Bill Haas,United States,301.4,42.86,27,54.17,-0.611,0.504,72.564,18576,4,Valero Texas Open
Sahith Theegala,United States,309.4,48.21,28,40.28,-0.442,0.036,72.814,18060,4,Valero Texas Open
Doc Redman,United States,299.4,55.36,27.5,48.61,-1.137,1.463,72.814,18060,4,Valero Texas Open
Peter Uihlein,United States,328.9,35.71,29.25,38.89,-0.738,-0.191,73.064,17716,3,Valero Texas Open
James Hahn,United States,312.8,58.93,30,36.11,0.041,-0.843,73.064,17716,3,Valero Texas Open
Wyndham Clark,United States,337.5,37.5,27,47.22,-1,-0.292,73.814,17372,3,Valero Texas Open
Jim Herman,United States,299.5,57.14,29.75,37.5,-0.574,-0.882,73.814,17372,3,Valero Texas Open
Scottie Scheffler,United States,327.9,62.5,28.75,40.28,1.305,1.624,67.773,1476000,500,WM Phoenix Open
Patrick Cantlay,United States,319.3,66.07,28,45.83,0.939,1.361,67.773,893800,300,WM Phoenix Open
Brooks Koepka,United States,333.3,48.21,28.5,47.22,1.242,1.501,68.023,434600,145,WM Phoenix Open
Xander Schauffele,United States,326.3,66.07,30.5,29.17,1.236,-0.308,68.023,434600,145,WM Phoenix Open
Sahith Theegala,United States,310.9,51.79,28,40.28,0.197,1.331,68.023,434600,145,WM Phoenix Open
Alex Noren,Sweden,304,48.21,29.5,34.72,0.298,1.861,68.273,287000,95,WM Phoenix Open
Billy Horschel,United States,303.3,66.07,29.75,34.72,1.017,1.278,68.273,287000,95,WM Phoenix Open
Justin Thomas,United States,329.4,39.29,29,36.11,0.825,-0.7,68.523,248050,83,WM Phoenix Open
Hideki Matsuyama,Japan,313.8,53.57,28.5,43.06,0.08,0.881,68.523,248050,83,WM Phoenix Open
Keith Mitchell,United States,330.6,64.29,28.75,41.67,1.215,-0.088,68.773,198850,68,WM Phoenix Open
Jon Rahm,Spain,330.4,67.86,31.25,26.39,1.985,-0.58,68.773,198850,68,WM Phoenix Open
Patton Kizzire,United States,321,55.36,30.5,33.33,0.637,-0.087,68.773,198850,68,WM Phoenix Open
Matt Fitzpatrick,England,317.1,50,28.25,41.67,0.662,0.433,68.773,198850,68,WM Phoenix Open
Max Homa,United States,322.4,69.64,29.75,36.11,1.261,0.907,69.023,133250,51,WM Phoenix Open
Louis Oosthuizen,South Africa,315.1,50,29.5,37.5,0.531,0.669,69.023,133250,51,WM Phoenix Open
Chris Kirk,United States,315,57.14,30.75,31.94,0.731,0.574,69.023,133250,51,WM Phoenix Open
Brian Harman,United States,311.4,64.29,30,36.11,0.621,-0.131,69.023,133250,51,WM Phoenix Open
Martin Laird,Scotland,309.8,69.64,27.75,44.44,0.202,1.23,69.023,133250,51,WM Phoenix Open
Bubba Watson,United States,308.1,55.36,28.75,37.5,0.377,-0.264,69.023,133250,51,WM Phoenix Open
Tom Hoge,United States,305.5,55.36,28.5,43.06,0.449,0.959,69.023,133250,51,WM Phoenix Open
Garrick Higgo,South Africa,324.1,53.57,30,34.72,0.909,0.344,69.273,96350,42,WM Phoenix Open
Scott Stallings,United States,319.4,57.14,27,41.67,-0.219,1.607,69.273,96350,42,WM Phoenix Open
Sebastián Muñoz,Colombia,322.9,69.64,31.75,31.94,0.923,-0.96,69.523,79130,37,WM Phoenix Open
J.T. Poston,United States,316.6,57.14,29.25,37.5,0.972,0.57,69.523,79130,37,WM Phoenix Open
Sam Ryder,United States,300.6,58.93,30,37.5,0.507,0.216,69.523,79130,37,WM Phoenix Open
Cameron Young,United States,331.1,57.14,29.75,36.11,1.435,0.624,69.773,58630,30,WM Phoenix Open
Keegan Bradley,United States,321.8,67.86,30.75,30.56,0.939,-0.361,69.773,58630,30,WM Phoenix Open
Si Woo Kim,South Korea,314.1,69.64,30.25,30.56,1.259,-0.854,69.773,58630,30,WM Phoenix Open
Talor Gooch,United States,313.1,60.71,28,43.06,-0.145,0.449,69.773,58630,30,WM Phoenix Open
Adam Hadwin,Canada,310,64.29,30.5,33.33,-0.28,0.275,69.773,58630,30,WM Phoenix Open
Sung Kang,South Korea,302.8,64.29,30,31.94,-0.27,-0.013,69.773,58630,30,WM Phoenix Open
Brendon Todd,United States,298.4,71.43,28.75,40.28,-0.184,1.219,69.773,58630,30,WM Phoenix Open
Carlos Ortiz,Mexico,320.5,46.43,29,40.28,-0.18,0.921,70.023,45715,22,WM Phoenix Open
Russell Henley,United States,314,57.14,27.5,43.06,-0.657,0.381,70.023,45715,22,WM Phoenix Open
Russell Knox,Scotland,301.6,57.14,31.5,27.78,0.23,-0.11,70.023,45715,22,WM Phoenix Open
Rory Sabbatini,Slovakia,298.9,55.36,29.25,38.89,-0.139,1.207,70.023,45715,22,WM Phoenix Open
Lucas Glover,United States,306.9,48.21,30,29.17,-0.47,-0.292,70.273,40590,19,WM Phoenix Open
Corey Conners,Canada,324.8,60.71,29,30.56,0.667,0.664,70.523,35670,16,WM Phoenix Open
Adam Scott,Australia,311,41.07,29.75,36.11,-0.363,0.429,70.523,35670,16,WM Phoenix Open
Troy Merritt,United States,308.8,50,31.25,26.39,0.698,-0.307,70.523,35670,16,WM Phoenix Open
K.H. Lee,South Korea,307.1,60.71,27,47.22,1.163,0.173,70.523,35670,16,WM Phoenix Open
Kevin Kisner,United States,300,60.71,28.75,38.89,-1.11,1.592,70.523,35670,16,WM Phoenix Open
Kevin Chappell,United States,325.3,44.64,30.5,33.33,-0.595,-0.11,70.773,26705,11,WM Phoenix Open
Stewart Cink,United States,325.3,50,28.75,38.89,-0.272,0.868,70.773,26705,11,WM Phoenix Open
Martin Trainer,France,319.9,44.64,28,48.61,-0.562,0.871,70.773,26705,11,WM Phoenix Open
Francesco Molinari,Italy,316.3,44.64,28.25,44.44,-0.562,1.172,70.773,26705,11,WM Phoenix Open
Abraham Ancer,Mexico,314.5,76.79,30.5,33.33,1.371,-0.198,70.773,26705,11,WM Phoenix Open
Zach Johnson,United States,297.9,55.36,29.25,36.11,-1.144,1.081,70.773,26705,11,WM Phoenix Open
Harry Higgs,United States,316.5,58.93,29.5,37.5,0.744,0.758,71.023,20869,8,WM Phoenix Open
Branden Grace,South Africa,312.8,42.86,28.75,41.67,-0.256,0.614,71.023,20869,8,WM Phoenix Open
Doug Ghim,United States,309.8,57.14,32.75,23.61,-0.038,-1.009,71.023,20869,8,WM Phoenix Open
Ryan Moore,United States,289.4,62.5,28,45.83,-0.442,0.326,71.023,20869,8,WM Phoenix Open
Joseph Bramlett,United States,335.9,48.21,32.25,25,-0.244,-1.407,71.273,19303,6,WM Phoenix Open
Luke List,United States,335.1,37.5,32.25,23.61,0.158,-1.466,71.273,19303,6,WM Phoenix Open
Kevin Tway,United States,318.8,46.43,32.25,23.61,0.184,-0.615,71.273,19303,6,WM Phoenix Open
Kramer Hickok,United States,317.5,67.86,30.5,34.72,0.63,0.059,71.273,19303,6,WM Phoenix Open
Brice Garnett,United States,310,51.79,30.75,33.33,0.012,-0.677,71.273,19303,6,WM Phoenix Open
Matt Jones,Australia,316.9,37.5,29.25,31.94,-0.587,-0.03,71.523,18696,5,WM Phoenix Open
Brian Stuard,United States,283.9,66.07,30.75,27.78,-0.183,-0.232,71.523,18696,5,WM Phoenix Open
Hudson Swafford,United States,322.3,55.36,33,19.44,0.047,-1.858,71.773,18368,5,WM Phoenix Open
Jordan Spieth,United States,314.1,48.21,31.25,29.17,0.2,-0.812,71.773,18368,5,WM Phoenix Open
Stephan Jaeger,Germany,305.9,39.29,30.25,34.72,-2.123,0.135,72.023,18040,5,WM Phoenix Open
Joel Dahmen,United States,299.6,58.93,31,30.56,-0.912,0.574,72.023,18040,5,WM Phoenix Open
Austin Eckroat,United States,314.1,46.43,31,33.33,-0.011,-0.095,72.273,,,WM Phoenix Open
Peter Malnati,United States,309,48.21,29,44.44,-0.502,0.775,72.523,17630,4,WM Phoenix Open
Sepp Straka,Austria,323,53.57,32,27.78,-0.005,-0.576,73.523,17466,4,WM Phoenix Open
Charley Hoffman,United States,311.5,39.29,29,40.28,-0.978,-0.142,74.023,17302,4,WM Phoenix Open
Tom Kim,South Korea,301.4,73.21,27.75,44.44,0.287,3.136,65.902,1314000,500,Wyndham Championship
Sungjae Im,South Korea,321.4,64.29,29.25,38.89,0.884,1.025,67.152,649700,245,Wyndham Championship
John Huh,United States,317,60.71,29.5,40.28,0.354,1.218,67.152,649700,245,Wyndham Championship
Ben Griffin,United States,323.9,50,28.25,41.67,-0.035,0.889,67.402,,,Wyndham Championship
Taylor Moore,United States,323.4,69.64,29.75,34.72,1.29,0.182,67.652,270100,100,Wyndham Championship
Russell Henley,United States,313,75,29.75,36.11,0.699,-0.087,67.652,270100,100,Wyndham Championship
Max McGreevy,United States,305.4,75,29.25,36.11,0.426,0.441,67.652,270100,100,Wyndham Championship
Cameron Percy,Australia,323.4,57.14,31,27.78,0.537,-0.642,68.152,198925,75,Wyndham Championship
Chesson Hadley,United States,318.4,60.71,31.25,31.94,-0.081,0.728,68.152,198925,75,Wyndham Championship
Tyrrell Hatton,England,318.4,66.07,29.75,40.28,0.179,0.08,68.152,198925,75,Wyndham Championship
Brandon Wu,United States,318.3,60.71,30,37.5,0.68,0.214,68.152,198925,75,Wyndham Championship
Anirban Lahiri,India,316.1,64.29,31.25,29.17,1.267,-1.116,68.152,198925,75,Wyndham Championship
Taylor Pendrith,Canada,340.8,73.21,30.25,33.33,0.536,-0.162,68.402,123188,52,Wyndham Championship
Davis Riley,United States,331.4,57.14,30,31.94,0.314,0.391,68.402,123188,52,Wyndham Championship
Alex Smalley,United States,329.6,64.29,28.5,38.89,0.591,0.422,68.402,123188,52,Wyndham Championship
Aaron Wise,United States,322.4,62.5,30.25,31.94,1.407,0.53,68.402,123188,52,Wyndham Championship
Scott Stallings,United States,318.6,64.29,29.5,34.72,-0.175,-0.01,68.402,123188,52,Wyndham Championship
Kiradech Aphibarnrat,Thailand,318.4,71.43,30,33.33,1.031,0.63,68.402,123188,52,Wyndham Championship
Stephan Jaeger,Germany,313.4,58.93,28.25,41.67,0.165,0.351,68.402,123188,52,Wyndham Championship
Richy Werenski,United States,302.6,48.21,28.25,43.06,-0.863,1.719,68.402,123188,52,Wyndham Championship
Will Zalatoris,United States,330.4,66.07,29.25,37.5,-0.099,0.206,68.652,73608,38,Wyndham Championship
J.T. Poston,United States,319,50,29.25,30.56,-0.03,0.02,68.652,73608,38,Wyndham Championship
Corey Conners,Canada,316.6,66.07,31.5,23.61,0.91,-0.745,68.652,73608,38,Wyndham Championship
Doc Redman,United States,311.3,66.07,29.25,29.17,-0.232,0.754,68.652,73608,38,Wyndham Championship
Russell Knox,Scotland,309.1,67.86,30.5,33.33,-0.245,1.193,68.652,73608,38,Wyndham Championship
Ryan Moore,United States,305.1,66.07,29,41.67,0.352,0.758,68.652,73608,38,Wyndham Championship
Kevin Tway,United States,340.4,60.71,30.5,34.72,-0.116,0.63,68.902,47937,27,Wyndham Championship
Stewart Cink,United States,329.8,57.14,32,26.39,0.871,0.393,68.902,47937,27,Wyndham Championship
Callum Tarren,England,325.9,42.86,27.75,48.61,-0.495,1.766,68.902,47937,27,Wyndham Championship
Billy Horschel,United States,324.9,60.71,29.5,37.5,0.493,0.958,68.902,47937,27,Wyndham Championship
Peter Malnati,United States,323.6,57.14,28.5,45.83,-0.454,1.476,68.902,47937,27,Wyndham Championship
David Lipsky,United States,317.8,58.93,31,31.94,0.386,-0.383,68.902,47937,27,Wyndham Championship
Scott Piercy,United States,315.6,62.5,29,37.5,0.77,0.116,68.902,47937,27,Wyndham Championship
Brian Stuard,United States,309.8,71.43,29.75,30.56,0.125,0.133,68.902,47937,27,Wyndham Championship
Andrew Putnam,United States,298.4,71.43,31.25,30.56,0.114,0.191,68.902,47937,27,Wyndham Championship
Patrick Rodgers,United States,332.8,51.79,31,34.72,0.707,0.064,69.152,30328,15,Wyndham Championship
Yannik Paul,Germany,322.9,60.71,31.5,27.78,0.789,-0.381,69.152,,,Wyndham Championship
Justin Lower,United States,322.6,50,29.25,41.67,-0.263,0.677,69.152,30328,15,Wyndham Championship
Matthew NeSmith,United States,322.5,57.14,30.75,36.11,0.317,0.838,69.152,30328,15,Wyndham Championship
Robert Streb,United States,315.9,66.07,31,31.94,0.833,0.24,69.152,30328,15,Wyndham Championship
Scott Brown,United States,314.5,69.64,29.5,38.89,-0.315,1.88,69.152,30328,15,Wyndham Championship
Harry Higgs,United States,311.6,58.93,31,25,-0.424,0.015,69.152,30328,15,Wyndham Championship
Zach Johnson,United States,306.3,62.5,31,30.56,0.094,0.376,69.152,30328,15,Wyndham Championship
Satoshi Kodaira,Japan,303.6,71.43,30.25,31.94,0.299,0.593,69.152,30328,15,Wyndham Championship
Vaughn Taylor,United States,303,58.93,29.5,33.33,0.269,-0.745,69.152,30328,15,Wyndham Championship
Brendon Todd,United States,298.5,67.86,31,27.78,0.246,0.656,69.152,30328,15,Wyndham Championship
James Hahn,United States,324.6,67.86,29.25,36.11,0.464,0.73,69.402,19116,9,Wyndham Championship
Bo Hoag,United States,322.6,60.71,31.75,29.17,0.104,-0.395,69.402,19116,9,Wyndham Championship
Lee Hodges,United States,318.9,51.79,29.5,37.5,-0.422,0.663,69.402,19116,9,Wyndham Championship
Henrik Norlander,Sweden,316.4,64.29,31.75,31.94,0.389,0.178,69.402,19116,9,Wyndham Championship
Martin Laird,Scotland,315.5,67.86,30.75,29.17,-0.014,-0.548,69.402,19116,9,Wyndham Championship
Christiaan Bezuidenhout,South Africa,310.8,51.79,29.5,34.72,-1.218,1.34,69.402,19116,9,Wyndham Championship
Chez Reavie,United States,309.1,64.29,31,30.56,0.517,-0.801,69.402,19116,9,Wyndham Championship
Chris Gotterup,United States,339.5,57.14,31.75,29.17,0.673,-0.345,69.652,,,Wyndham Championship
Keith Mitchell,United States,330.1,75,32.5,27.78,1.468,-0.991,69.652,16863,6,Wyndham Championship
Lucas Glover,United States,320.1,60.71,30.5,38.89,-0.012,-0.695,69.652,16863,6,Wyndham Championship
Justin Rose,England,312.6,69.64,30.25,31.94,-0.158,-0.268,69.652,16863,6,Wyndham Championship
Kelly Kraft,United States,305.9,73.21,30,34.72,0.62,0.017,69.652,16863,6,Wyndham Championship
Ben Kohles,United States,304.6,69.64,30.5,36.11,-0.082,1.495,69.652,16863,6,Wyndham Championship
Luke Donald,England,298.3,48.21,28,43.06,-1.085,1.677,69.652,16863,6,Wyndham Championship
Michael Gligic,Canada,321.9,44.64,29.75,34.72,-0.107,0.2,69.902,15841,4,Wyndham Championship
K.H. Lee,South Korea,321.3,62.5,29.5,33.33,0.589,0.753,69.902,15841,4,Wyndham Championship
Sam Ryder,United States,316.1,64.29,30.25,34.72,0.148,1.18,69.902,15841,4,Wyndham Championship
Mark Hubbard,United States,315.9,60.71,30.5,38.89,0.184,-0.513,69.902,15841,4,Wyndham Championship
Chris Stroud,United States,314.8,58.93,29.5,34.72,0.162,0.598,69.902,15841,4,Wyndham Championship
Rory Sabbatini,Slovakia,311.5,42.86,29,40.28,-0.459,0.657,69.902,15841,4,Wyndham Championship
Brett Drewitt,Australia,299.8,55.36,29,36.11,-2.029,0.883,69.902,15841,4,Wyndham Championship
Joseph Bramlett,United States,340.8,53.57,30.25,34.72,0.491,-0.579,70.152,15111,3,Wyndham Championship
Martin Trainer,France,326.8,50,29,38.89,-1.209,2.322,70.152,15111,3,Wyndham Championship
Charley Hoffman,United States,320.4,55.36,31.25,30.56,0.861,-0.767,70.152,15111,3,Wyndham Championship
Kramer Hickok,United States,322.3,67.86,31.75,27.78,0.925,-1.167,70.402,14600,3,Wyndham Championship
Aaron Rai,England,321.6,67.86,31.75,25,-0.026,-1.184,70.402,14600,3,Wyndham Championship
Brian Harman,United States,317.5,48.21,30,36.11,-0.141,0.107,70.402,14600,3,Wyndham Championship
Jonathan Byrd,United States,304.9,64.29,31.5,29.17,-0.053,-1.374,70.402,14600,3,Wyndham Championship
Jared Wolfe,United States,329.9,67.86,30.25,34.72,-0.577,-0.055,70.652,14235,3,Wyndham Championship
Adam Scott,Australia,327,53.57,31.25,30.56,0.58,-0.734,70.902,14016,2,Wyndham Championship
Blake McShea,United States,318,57.14,30.5,36.11,-0.393,0.068,70.902,,,Wyndham Championship
Adam Svensson,Canada,318.3,55.36,30,34.72,-0.114,0.538,71.152,13724,2,Wyndham Championship
Rafa Cabrera Bello,Spain,306.1,64.29,31.5,29.17,-0.067,-0.234,71.152,,,Wyndham Championship
David Skinns,England,301.9,41.07,28.5,43.06,-1.431,1.16,71.402,13505,2,Wyndham Championship
Nick Taylor,Canada,314.9,60.71,31.25,27.78,-0.012,-1.091,71.652,13286,2,Wyndham Championship
Joel Dahmen,United States,296.8,55.36,31.5,29.17,0.034,-0.746,71.652,13286,2,Wyndham Championship
Jason Dufner,United States,327.3,57.14,33.25,25,-1.189,-1.54,71.902,12994,2,Wyndham Championship
Shane Lowry,Ireland,325.6,62.5,31.5,26.39,-0.444,-1.858,71.902,12994,2,Wyndham Championship
